idSort,Denumire,Grupa,idPost
10301,FAINA ALBA (TIP 650) - PREAMBALATA,1,103
10302,FAINA ALBA SUPERIOARA (480 TIP 000) - PREAMBALATA,1,103
10402,MALAI EXTRA INDIGEN - PREAMBALAT,1,104
10501,PIINE ALBA SIMPLA,1,105
10502,PIINE ALBA FORMAT BAGHETA,1,105
10503,PIINE NEAGRA SIMPLA FORMAT ROTUND OVAL SAU LUNG,1,105
10504,PIINE ALBA ACLORIDA (FARA SARE),1,105
10505,PIINE GRAHAM,1,105
10506,PIINE ALBA DE CALITATE SUPERI- OARA CU AMELIORATORI,1,105
10507,PIINE FELIATA (PACHET CELOFAN),1,105
10508,PIINE DIN FAINURI SPECIALE - PREAMBALATA,1,105
10509,PIINE SEMIALBA (INTERMEDIARA INTEGRALA),1,105
10510,PIINE ALBA CU CARTOFI,1,105
10601,BATOANE (80-100 G),1,106
10602,CHIFLE SIMPLE DIN FAINA ALBA (50-100 G),1,106
10604,CORNURI (80-100 G),1,106
10605,COVRIGI CU SARE SI MAC (CCA. 50-100 G),1,106
10701,BISCUITI SIMPLI - VRAC,1,107
10702,"BISCUITI TIP ""MIRELA"" - VRAC",1,107
10704,"BISCUITI FRAGEZI DULCI CU CACAO TIP ""PICNIC"" (60-85 G)",1,107
10705,"BISCUITI TIP ""EUGENIA"" (PACHET DE 25-40 G)",1,107
10707,BISCUITI CU CREMA (70-85 G),1,107
10708,"BISCUITI DULCI TIP ""PETIT BEURRE"" (140 G)",1,107
10709,"BISCUITI ""SALATINI""",1,107
10710,BISCUITI DIGESTIVI - VRAC,1,107
10804,FOI DE PLACINTA (PACHET DE 350-500 G),1,108
10807,COZONAC CU DIFERITE UMPLUTURI (400-800 G),1,108
10808,MINIPATEURI CU DIFERITE UMPLUTURI,1,108
10809,STRUDEL (CU MERE SAU BRINZA) (70-100 G),1,108
10810,BLAT PIZZA - PACHET 250-400 G,1,108
10811,SARATELE (AMBALATE IN PUNGI) (100-125 G),1,108
10812,CHEC (CACAO STAFIDE) (200-500 G),1,108
10813,COZONAC DE POST CU RAHAT (400-800 G),1,108
10814,BLAT DE TORT PREAMBALAT TIP PANDISPAN (200-400 G),1,108
10815,COVRIGEI CU SAREMAC SAU SUSAN,1,108
10901,PASTE FAINOASE EXTRA DE DIFE- RITE FORME: SCOICI MELCI ETC. (PUNGA DE 200-500 G) -,1,109
10902,TAITEI CU OU (PUNGA DE 200-400 G),1,109
10905,SPAGHETTI - IMPORT (PACHET DE 500 G),1,109
10906,SPAGHETTI - INDIGENE (PACHET DE 400-500 G),1,109
10907,MACAROANE (PACHET DE 500 G),1,109
11001,OREZ CU BOB ROTUND PREAMBALAT,1,110
11002,OREZ CU BOB LUNG PREAMBALAT,1,110
11003,OREZ PREFIERT,1,110
11101,GRIS PREAMBALAT (PUNGA 500 G),1,111
11102,ARPACAS PREAMBALAT,1,111
11202,PESMET ALB (PUNGA DE 500 G),1,112
11203,FULGI DE PORUMB - INDIGENI (PUNGA DE 150 G),1,112
11204,"CEREALE PENTRU MICUL DEJUN ""NESTLE"" (PUNGA DE 250 G)",1,112
11205,MUSLI VITALIS (CUTIE 300 G),1,112
11301,FASOLE USCATA,1,113
11401,CARTOFI TIMPURII SI DE VARA,1,113
11402,CARTOFI DE TOAMNA,1,113
11501,MORCOVI,1,113
11602,RIDICHI DE IARNA,1,113
11603,SFECLA ROSIE,1,113
11701,TOMATE (ROSII) DE CIMP,1,113
11702,TOMATE (ROSII) DE SERA SI SOLARII,1,113
11801,PATLAGELE VINETE DE CIMP,1,113
11802,PATLAGELE VINETE DE SERA SI SOLARII,1,113
11901,CEAPA USCATA,1,113
12101,ARDEI GRAS DE CIMP,1,113
12102,ARDEI GRAS DE SERA SI SOLARII,1,113
12301,VARZA ALBA DULCE DE TOAMNA,1,113
12302,VARZA ALBA DULCE TIMPURIE SI DE VARA,1,113
12305,BROCOLI,1,113
12501,CASTRAVETI PROASPETI DE CIMP,1,113
12502,CASTRAVETI PROASPETI DE SERA SI SOLARII,1,113
12504,DOVLECEI,1,113
12511,"CIUPERCI ""CHAMPIGNON"" (DE CULTURA)",1,113
12512,SALATA VERDE DE CIMP,1,113
12513,SALATA VERDE DE SERA SI SOLARII,1,113
12514,FULGI DE CARTOFI - INDIGENI (CUTIE CARTON CCA. 100 G),1,113
12515,FULGI DE FASOLE - INDIGENI (CUTIE CARTON CCA. 100 G),1,113
12516,AMESTEC DE LEGUME CONGELATE (GREENS DUJARDIN) - PUNGA CCA. 450 G,1,113
12603,CASTRAVETI IN OTET - INDIGENI (BORCAN DE CCA. 720 ML),1,126
12604,GOGOSARI ROSII - INDIGENI (BORCAN DE CCA. 720 ML),1,126
12701,PASTA DE TOMATE - INDIGENA (BORCAN DE 314-420 ML),1,127
12702,BULION - INDIGEN (BORCAN DE 314-420 ML),1,127
12703,TOMATE (ROSII INTREGI) IN BULION - INDIGENE (BORCAN DE CCA. 720 ML),1,127
12709,"SOS TOMAT (KETCHUP) PENTRU GARNITURI - TIP ""TOMI TOPWAY"" (RECIPIENT PLASTIC DE 350 G)",1,127
12710,SUC DE ROSII (CUTIE CARTON) - 1000 ML,1,127
12801,MAZARE VERDE (BORCAN DE CCA. 720 ML),1,128
12802,FASOLE PASTAI TAIATA (BORCAN DE CCA. 720 ML),1,128
12803,GHIVECI (BORCAN DE CCA.720 ML),1,128
12804,TOCANA DE LEGUME (BORCAN DE 300-370 ML),1,128
12807,CIUPERCI TIP CHAMPIGNON (CUTIE METALICA 400 G),1,128
12808,ZACUSCA TRADITIONALA (BORCAN 270-315 G),1,128
12809,ZARZAVAT PENTRU CIORBE (BORCAN DE CCA. 720 ML),1,128
12810,SPANAC (BORCAN 580-720 ML),1,128
12811,PORUMB BOABE (CUTIE 250-425 G),1,128
12812,"PIURE DE LEGUME (EXCL. CARNE) PENTRU COPII (""NESTLE"" ""HIPP"") - BORCAN 190-220 G",1,128
13101,MERE,1,129
13402,PIERSICI,1,129
13501,PRUNE PROASPETE,1,129
13601,STRUGURI DE MASA,1,129
13801,NECTARINE,1,129
14002,FRUCTE CONGELATE - VRAC (CAPSUNI FRUCTE PADURE ETC.),1,129
13901,LAMII,1,139
13902,PORTOCALE,1,139
13903,BANANE,1,139
13904,GRAPEFRUIT,1,139
13905,MASLINE NEGRE - CAL. I,1,139
13906,STAFIDE - VRAC,1,139
13907,KIWI,1,139
13908,MANDARINE,1,139
14105,ULEI DE FLOAREA SOARELUI DUBLU RAFINAT,1,141
14106,"ULEI DE FLOAREA SOARELUI DUBLU RAFINAT TIP ""FLORIOL"" SAU ""BUNICA""",1,141
14107,ULEI DE MASLINE (STICLA DE 500 ML),1,141
14108,ULEI DE PORUMB EXTRAS LA RECE,1,141
14201,MARGARINA (CUTIE PLASTIC DE 500 G),1,142
14202,MARGARINA - INDIGENA (PACHET DE 250 G),1,142
14203,MARGARINA - CUTIE PLASTIC 250 G (WIESANA DELMA),1,142
14301,COMPOT DE PIERSICI - INDIGEN (BORCAN DE 720 ML),1,143
14304,COMPOT DE ANANAS - IMPORT (CUTIE METALICA DE 565 ML),1,143
14306,COMPOT DE PRUNE - INDIGEN (BORCAN DE CCA. 720 ML),1,143
14307,COMPOT DE CIRESE - INDIGEN (BORCAN DE CCA. 720 ML),1,143
14308,COMPOT DE VISINE - INDIGEN (BORCAN DE CCA. 720 ML),1,143
14309,"PIURE DE FRUCTE (BANANA+FRUCTE INDIGENE) PENTRU COPII (""NESTLE""""HIPP"") - BORCAN",1,143
14401,DULCEATA DE VISINE - INDIGENA (BORCAN DE 360-450 ML),1,144
14402,DULCEATA DE CIRESE - INDIGENA (BORCAN DE 360-450 ML),1,144
14403,GEM DE CAISE - INDIGEN (BORCAN DE 360-450 ML),1,144
14404,GEM DE PRUNE - INDIGEN (BORCAN DE 360-450 ML),1,144
14405,GEM DE VISINE - INDIGEN (BORCAN DE 360-450 ML),1,144
14406,GEM DE PIERSICI - INDIGEN (BORCAN DE 360-450 ML),1,144
14408,GEM DE CAPSUNI - INDIGEN (BORCAN DE 360-450 ML),1,144
14506,SIROPTURAL DE FRUCTE (STICLA DE 500 ML),1,145
14508,NECTAR DE FRUCTE (CUTIE CARTON DE 1000 ML),1,145
14509,"BAUTURA PENTRU COPII ""TEDY"" (STICLA DE CCA. 300 ML)",1,145
14510,SUCTURAL DE FRUCTE (CUTIE CARTON 1000 ML) 100%TURAL FARA ZAHAR,1,145
14602,ZAHAR CRISTAL TOS - PREAMBALAT,1,146
14603,ZAHAR CUBIC PREAMBALAT (500 G),1,146
14604,ZAHAR PUDRA PREAMBALAT (500 G),1,146
14605,ZAHAR BRUN (500 G),1,146
14701,BOMBOANE AMANDINE - VRAC,1,147
14702,BOMBOANE CU LAPTE - VRAC,1,147
14703,BOMBOANE UMPLUTE CU CREMA FRUCTE - VRAC,1,147
14710,DROPSURI SIMPLE - VRAC,1,147
14711,CARAMELE CU LAPTE SAU FRUCTE - VRAC,1,147
14712,"CIOCOLATA ""POIANA"" (PACHET DE CCA. 100 G)",1,147
14715,"CIOCOLATA ""KANDIA"" (PACHET DE CCA. 100 G)",1,147
14716,BOMBOANE DE CIOCOLATA LA CUTIE (150-200 G),1,147
14717,"CREMA DE CIOCOLATA ""FINETTI"" (CUTIE PLASTIC DE 200 G)",1,147
14719,"BOMBOANE GUMATE CU AROMA DE FRUCTE ""SUGUS"" (PUNGA 200-250 G)",1,147
14720,"CIOCOLATA ""PRIMOLA"" (PACHET DE CCA. 100 G)",1,147
14721,NUTELLA (400 G),1,147
14722,CIOCOLATA DIETETICA CU LAPTE (100 G),1,147
14723,"CIOCOLATA ""MILKA"" (100 G)",1,147
14724,"GUMA MESTECAT ""ORBIT"" FARA ZAHAR (14 G)",1,147
14802,RAHAT SIMPLU DIFERITE AROME - VRAC,1,148
14803,HALVA CU CACAO - INDIGENA (PACHET DE 250-500 G),1,148
14903,"NAPOLITANE ""JOE""""ALFERS"" - PACHET DE 40-60 G",1,149
14905,ZAHAR VANILAT (PLIC DE 8-10 G),1,149
14906,"CROISSANT UMPLUT CU CIOCOLATA - INDIGEN (PUNGA METALIZATA DE 65-100 G) TIP ""MAGIC"" SAU",1,149
14907,NAPOLITANE CU CACAO SAU VANILIE - VRAC,1,149
14908,TURTA DULCE - VRAC,1,149
14909,INGHETATA (50-100 G),1,149
14910,TORT DE INGHETATA (500 G),1,149
14911,FURSECURI AMBALATE IN CUTIE,1,149
14912,RULADA CU GEM SAU CREMA (180-300 G),1,149
15001,CAFEATURALA BOABE - VRAC,1,150
15003,CAFEA SOLUBILA (NESS) (CUTIE DE 100 G),1,150
15005,CAFEATURALA MACINATA (PLIC DE 100 G),1,150
15006,CAFEA DECOFEINIZATA (PUNGA DE 250 G),1,150
15007,CAFEA SOLUBILA DECOFEINIZATA - BORCAN 100 G,1,150
15103,PUDRA DE CACAO (PUNGA DE 50 G),1,151
15104,CAPUCCINO CU CIOCOLATA (PLIC DE 125 G),1,151
15105,CAPSULE CAFEA (CUTIE 16 CAPSULE),1,151
15201,VIN DE REGIUNE SUPERIOR (STICLA DE 1000 ML),1,152
15205,VIN DE MASA (8-12 GRADE) (STICLA PLASTIC DE 2000 ML),1,152
15206,VIN RECAS (MUSCAT OTONEL MERLOT CABERNET FETEASCA REGALA) - STICLA 750 ML,1,152
15207,VIN JIDVEI (SAUVIGNION BLANC FETEASCA REGALAPINOT GRIS FETEASCA ALBA MUSCAT OTONEL),1,152
15208,VIN COTNARI (GRASA DE COTNARI FETEASCA ALBA TAMIIOASA ROMANEASCA) - STICLA 750 ML,1,152
15209,VIN MURFATLAR (PINOT GRIS CHARDONNAY MUSCAT OTTONEL) STICLA 750 ML,1,152
15210,VIN DE CALITATE SUPERIOARA (JIDVEI FETEASCA) - STICLA 1500 ML,1,152
15301,"SAMPANIE ""ATHENEE-PALACE"" ""JIDVEI""""PANCIU"" ""SILVANIA"" (STICLA DE 750 ML)",1,153
15303,"CONIAC ""ALEXANDRION"" (STICLA 700 ML)",1,153
15304,"VERMUT ""GARRONE"" (STICLA DE 1000 ML)",1,153
15305,CONIAC - INDIGEN 36 GRADE (STICLA DE 500 ML),1,153
15306,"SAMPANIE ""ANGELLI"" (STICLA DE 750 ML)",1,153
15401,BERE BLONDA PASTEURIZATA - INDIGENA (STICLA DE 500 ML EXCLUSIV STICLA),1,154
15403,BERE LA CUTIE DE 500 ML,1,154
15404,BERE BLONDA (STICLA PLASTIC 2-25 L),1,154
15405,BERE FARA ALCOOL (CUTIE DE 500 ML),1,154
15503,RACHIU (STICLA DE 500 ML),1,155
15504,TARIE DE BIHOR 375 GRADE (STICLA PLASTIC DE 500 ML),1,155
15601,VODCA - INDIGENA 30 GRADE (STICLA DE 500 ML),1,156
15603,"ROM ""MATELOT"" 30 GRADE (STICLA DE 500 ML)",1,156
15605,LICHIOR SUPERIOR DE PORTOCALE MANDARINE TRANDAFIRI VANI- LIE CAISE CIRESE (STICLA,1,156
15606,"WHISKY ""JOHNNIE WALKER"" (STICLA 700-750 ML)",1,156
15607,VODCA 40 GRADE (STICLA DE 500 ML),1,156
15608,ALCOOL DUBLU RAFINAT 96 GRADE (STICLA DE 500 ML),1,156
15703,COCA-COLA (STICLA DIN PLASTIC DE 2000 ML),1,157
15704,APA MINERALA CARBOGAZOASA (STICLA PLASTIC DE 1500 ML),1,157
15705,PEPSI-COLA (STICLA DIN PLASTIC DE 1250 ML),1,157
15706,FRUTTI FRESH (STICLA PLASTIC DE 500 ML),1,157
15708,APA PLATATURALA (BIDON PLASTIC DE 5000 ML),1,157
15709,ICE TEA (STICLA PLASTIC DE 1500 ML),1,157
15710,BAUTURA RACORITOARE NEACIDULATA TIP PRIGAT (500 ML),1,157
15711,APA PLATATURALA (STICLA PLASTIC DE 2000 ML),1,157
15712,CIDRU DIN MERE 4.5% GRADE - STICLA 275-330 ML,1,157
15801,CARNE VITA MINZAT FARA OS (PULPA VRABIOARE),1,158
15802,CARNE VITA MINZAT CU OS (CAP DE PIEPT PIEPT RASOALE),1,158
15803,CARNE VITA MINZAT CU OS (ANTRICOT VRABIOARE PULPA),1,158
15805,MUSCHI DE VITA MINZAT FASONAT,1,158
15807,FICAT DE VITA,1,158
15808,INIMA DE VITA,1,158
15809,LIMBA DE VITA FARA SLUNG,1,158
15810,RINICHI DE VITA,1,158
15811,CARNE TOCATA DE VITA,1,158
15901,CARNE PORC FARA OS SI SLANINA (PULPA),1,159
15902,CARNE PORC CU OS FARA SLANINA (CEAFA ANTRICOT COTLET),1,159
15905,CARNE PORC (FLEICA PIEPT),1,159
15906,MUSCHI DE PORC FASONAT,1,159
15907,CARNE DE PORC TOCATA,1,159
15909,FICAT DE PORC,1,159
15911,INIMA DE PORC,1,159
15912,LIMBA DE PORC FARA SLUNG,1,159
15913,RINICHI DE PORC,1,159
15915,CARNE TOCATA AMESTEC (PORC SI VITA),1,159
15916,CEAFA COTLET FARA OS SI SLANINA,1,159
16002,CARNE OAIE SI MIEL,1,160
16101,PUI (FARA CAP GIT GHEARE) PREAMBALAT,1,161
16104,PULPE PUI PREAMBALATE,1,161
16105,PIEPT PASARECU OS PREAMBALAT,1,161
16106,FICAT PUI PREAMBALAT,1,161
16107,PIPOTE SI INIMI DE PUI SI GAINA PREAMBALATE,1,161
16108,CARNE DE GAINA (CU CAP GIT GHEARE) PREAMBALATA,1,161
16109,ARIPI DE PUI PREAMBALATE,1,161
16110,PIEPT DE PUI DEZOSAT PREAMBALAT,1,161
16111,PULPE SUPERIOARE DE CURCAN CU OS,1,161
16112,PIEPT DE CURCAN DEZOSAT,1,161
16113,PULPE SUPERIOARE DE PUI FARA PIELE SI OS PREAMBALATE,1,161
16301,MUSCHI FILE,1,163
16302,MUSCHI TIGANESC,1,163
16304,PASTRAMA DE PORC,1,163
16305,SUNCA PRESATA DE PORC,1,163
16306,CEAFA AFUMATA,1,163
16307,PASTRAMA PUI (PIEPT PULPE),1,163
16308,JAMBON PORC AFUMAT,1,163
16309,SUNCA DE CURCAN,1,163
16310,KAISER,1,163
16311,RULADA PIEPT PUI,1,163
16401,CIRNATI CABANOS,1,164
16402,CIRNATI TRANDAFIR,1,164
16404,PARIZER DIN CARNE DE VITA SAU PORC,1,164
16407,SALAM DE VARA,1,164
16408,SALAM VICTORIA,1,164
16409,SALAM ITALIAN,1,164
16410,SALAM BACAU DACIA CARPATI SALONTA SASESC BANATEAN,1,164
16411,SALAM DE SIBIU,1,164
16414,PARIZER DE PASARE,1,164
16415,CIRNATI PROASPETI,1,164
16416,CIRNATI DE CASA SEMIAFUMATI,1,164
16501,CREMWURSTI,1,165
16502,COSTITA AFUMATA (CU OS),1,165
16503,CIOLAN AFUMAT,1,165
16504,SLANINA AFUMATA,1,165
16506,LEBERWURSTI,1,165
16507,TOBA,1,165
16508,PASTA PENTRU MITITEI,1,165
16509,PIEPT CONDIMENTAT (FARA OS),1,165
16510,OASE AFUMATE - GARF,1,165
16511,POLONEZI DE PUI,1,165
16601,PATE FICAT (CUTIE DE 200 G),1,166
16603,CARNE PORC IN SUC PROPRIU (CUTIE DE 300 G),1,166
16604,CARNE VITA IN SUC PROPRIU (CUTIE DE 300 G),1,166
16605,PATE FICAT IN FORMA DE SALAM,1,166
16606,PATE VEGETAL (CUTIE DE 200 G),1,166
16607,PATE FICAT (CUTIE DE 100 G),1,166
16701,SLANINA CRUDA,1,167
16901,CRAP DE APA DULCE PROASPAT,1,169
16902,CARAS DE APA DULCE PROASPAT,1,169
16903,PASTRAV PROASPAT EVISCERAT,1,169
16906,MACROU OCEANIC CONGELAT,1,169
16907,COD FILE CONGELAT,1,169
16908,BATOANE DE PESTE CONGELAT DATE PRIN PESMET (200-500 G),1,169
16909,SOMON PROASPAT - FILE,1,169
16910,FRUCTE DE MARE CONGELATE (COCKTAIL - VRAC),1,169
17002,MACROU OCEANIC AFUMAT,1,169
17004,ICRE CRAP NEPREPARATE - VRAC,1,169
17005,SALATA DE ICRE CRAP (CUTIE PLASTIC 100-200 G),1,169
17104,SARDINA IN ULEI (CUTIE DE 120- 200 G),1,171
17105,HERING IN SOS TOMAT (CUTIE DE 140-200 G),1,171
17106,TON IN ULEI (CUTIE DE 185 G),1,171
17107,FILE (HERING MACROU) IN SOS TOMAT - CUTIE 170 G,1,171
17201,LAPTE DE VACA DEGRESAT (15-18%),1,172
17204,"LAPTE DE VACA PASTEURIZAT CU GRASIME (3-4%) (""DORNA"" ""FULGA"") - CUTIE CARTON DE",1,172
17205,LAPTE 01% GRASIME (CUTIE CARTON),1,172
17206,"LAPTE DE VACA UHT CU GRASIME 35% (""LA DORNA"" ""FULGA"" ""MILLI"") - CUTIE CARTON DE",1,172
17404,LAPTE PRAF (PUNGA METALIZATA DE 250-500 G),1,172
17503,IAURT (PAHAR PLASTIC 150-200 ML),1,172
17505,IAURT CU FRUCTE (125 G),1,172
17507,IAURTTURAL FARA GRASIME (PAHAR PLASTIC 375-450 G),1,172
17508,LAPTE BATUT (STICLA PLASTIC 800-1000 G),1,172
17509,SANA (STICLA PLASTIC 800- 1000 G),1,172
17510,IAURT DE BAUT (PAHAR 320 - 350 G),1,172
17511,KEFIR (PAHAR PLASTIC 375-450 G),1,172
17601,BRINZA (TELEMEA) DIN LAPTE DE VACA,1,176
17602,BRINZA (TELEMEA) DIN LAPTE DE BIVOLITA,1,176
17603,CAS DULCE DIN LAPTE DE VACA,1,176
17604,"BRINZA ""FETA""",1,176
17701,BRINZA (TELEMEA) DIN LAPTE DE OAIE,1,176
17702,BRINZA (TELEMEA) DIN LAPTE DE CAPRA,1,176
17801,BRINZA GRASA DIN LAPTE DE VACA - VRAC,1,178
17803,BRINZA CU SMINTINA (PAHAR PLASTIC 150-200 G),1,178
17805,SMINTINA - VRAC,1,178
17806,SMINTINA (PAHAR PLASTIC 175-200 ML),1,178
17807,BRINZA DE VACI GRASA (PACHET DE 250 G),1,178
17808,BRINZA PROASPATA CREMA HOCHLAND (CU VERDEATA CASTRAVETI) - CUTIE PLASTIC,1,178
17809,SMINTINA LA GALETUSA 12% GRASIME (800-1000 ML),1,178
17810,MOZZARELLA DELACO (CCA. 400 G),1,178
17901,CASCAVAL (DIN LAPTE DE VACA),1,179
17902,CASCAVAL (DIN LAPTE DE OAIE),1,179
17903,CASCAVAL AFUMAT,1,179
17904,CASCAVAL SWEITZER,1,179
17905,PARMEZAN RAS (REGGIANO GRANA PADANO) - 100 G,1,179
18002,BRINZA TOPITA IN FORMA DE SALAM SAU BLOC,1,180
18003,BRINZA DE BURDUF,1,180
18005,BRINZA TOPITA CU ADAOSURI (CUTIE DE 140 G),1,180
18006,BRINZA TOPITA FELII (PACHET AMBALAT IN FOLIE PLASTIC) (140-150 G),1,180
18101,UNT DE MASA CU 65% GRASIME (PACHET DE 200 G),1,181
18102,UNT DE MASA CCA. 80% GRASIME (PACHET DE 200 G),1,181
18103,UNT - IMPORT (PACHET DE 250 G),1,181
18201,OUA DE LA GAINI CRESCUTE LA SOL (COD 1 MARIME M),1,182
18202,OUA DE LA GAINI CRESCUTE IN BATERII (COD 3 MARIME M),1,182
18301,MIERE POLIFLORA - CALITATE SUPERIOARA (BORCAN DE 350- 500 ML),1,183
18402,SARE GRUNJOASA,1,184
18404,MUSTAR DE MASA SIMPLU (200- 300 G),1,184
18405,HELLAS (STICLA PLASTIC DE 170-200 ML),1,184
18406,ESENTA DE ROM VANILIE FISTIC (STICLUTA DE 25-30 ML),1,184
18407,SARE EXTRA IODATA (CUTIE CARTON DE 1000 G),1,184
18408,PIPER NEGRU BOABE (PLIC DE 10-20 G),1,184
18409,CONDIMENTE DIVERSE SORTIMENTE (PLIC 20-25 G),1,184
18502,CEAI INSTANT (PLIC DIN HIRTIE POROASA DE 2 G),1,185
18503,DROJDIE DE BERE PROASPATA COMPRIMATA (PACHET DE 500 G),1,185
18504,DELIKAT (PACHET DE 75-80 G),1,185
18507,OTET ALIMENTAR DE 9 GRADE (STICLA PLASTIC DE 1000 ML),1,185
18508,OTET DE MERE (STICLA PLASTIC DE 500 ML),1,185
18509,"SUPA DE PUI CU LEGUME ""KNORR"" (PACHET DE 50-70 G)",1,185
18510,"ESENTE DIFERITE AROME ""DR. OETKER"" (FIOLE 2 ML)",1,185
18511,"PRAF DE COPT (""RUFF"" ""DR. OETKER"") (PLIC 10 G)",1,185
18514,"PRAF DE FRISCA ""DR. OETKER"" (PACHET DE 48 G)",1,185
18516,BORS (STICLA SAU PUNGA PLASTIC 1 L),1,185
18517,MAIONEZA (BORCAN SAU BIDON PLASTIC DE 250-550 G),1,185
18518,PRAF DE BUDINCA (PLIC DE CCA. 40 G),1,185
18519,SOIA FELII (PUNGA 100-200 G),1,185
18520,ALUNE PREAMBALATE SARATE (PUNGA 100-200 G),1,185
18521,FRISCA VEGETALA (CUTIE CARTON 05 L),1,185
18522,SOS PENTRU PASTE DIVERSE SORTIMENTE (BORCAN 350-425 G),1,185
18523,PIEPT PUI LA GRATAR (CUTIE 200-250 G),1,185
18528,PIZZA CONGELATA - CUTIE CARTON 320-425 G,1,185
20101,TESATURA IMPRIMATA (100% BBC) (LATIME 140-150 M) - INDIGENA,2,201
20103,TESATURA IMPRIMATA (BBC IN AMESTEC) (LATIME 090-150 M),2,201
20104,STAMBA IMPRIMATA (LATIME 090- 150 M) - INDIGENA,2,201
20105,DIFTINA (BBC IN AMESTEC) (LATIME 090-150 M) - INDIGENA,2,201
20107,FINET (100% BBC) (LATIME 090- 150 M) - INDIGEN,2,201
20112,TERCOT (LATIME 090-150 M) - INDIGEN,2,201
20114,PINZA UNI PENTRU LENJERIE PAT (LATIME 220-240 M),2,201
20117,PLUS PENTRU IMBRACAT MOBILA PENTRU DRAPERII SI CUVERTURI (LATIME 140-170 M),2,201
20119,TESATURA PENTRU STOFA MOBILA (LATIME 140-180 M),2,201
20120,DAMASC (LATIME 150 -220 M),2,201
20201,TERGAL PENTRU FUSTE ROCHII PANTALONI COSTUME (LATIME 150 M) - INDIGEN,2,202
20203,STOFA PENTRU PALTON (100% LINA) (LATIME 150 M),2,202
20204,STOFA (LINA IN AMESTEC) (LATIME 140-150 M),2,202
20205,STOFA PENTRU COSTUM LINA IN AMESTEC (LATIME 140- 150 M),2,202
20206,STOFA PENTRU PALTON LINA IN AMESTEC (LATIME 140- 150 M),2,202
20207,STOFA PENTRU COSTUM TIP LINA (LATIME 150 M),2,202
20305,TESATURA DIN VISCOZA SAU VISCOZA IN AMESTEC PENTRU ROCHII SI BLUZE (LATIME 090-,2,203
20308,TESATURA SERGE (LATIME 140- 150 M),2,203
20311,TESATURA DIN NYLON PENTRU PERDELE (LATIME 220-300 M),2,203
20313,PERDEA JACQUARD (LATIME 240 - 330 M),2,203
20316,TESATURA DECORATIVA IMPRIMATA PENTRU DRAPERII (LATIME 190- 280 M),2,203
20321,TESATURA DIN MATASE SINTETICA (LATIME 140-150 M),2,203
20322,PERDEA ORGANZA (LATIME 290 M),2,203
20402,TESATURA PENTRU FETE DE MASA (LATIME 140-220 M),2,204
20404,TESATURA PENTRU DOS SALTEA (LATIME 110-196 M),2,204
20504,SCURTA PENTRU BARBATI DIN TERCOT MATLASATA,2,205
20505,PANTALONI PENTRU BARBATI (TIP BBC IN AMESTEC),2,205
20508,CAMASA PENTRU BARBATI CU MINECA LUNGA DIN TESATURA (100% BBC),2,205
20510,CAMASA PENTRU BARBATI CU MINECA LUNGA (BBC IN AMESTEC) UNI,2,205
20512,CAMASA PENTRU BARBATI CU MINECA SCURTA (BBC IN AMESTEC),2,205
20514,PIJAMA PENTRU BARBATI (TESA- TURA TIP BBC SAU BBC IN AMESTEC),2,205
20515,PANTALONI PENTRU BARBATI DIN TESATURA TIP JEANS,2,205
20516,PANTALONI DIN CATIFEA RAIATA PENTRU BARBATI,2,205
20517,SACOU DIN CATIFEA RAIATA PENTRU BARBATI,2,205
20601,PALTON PENTRU BARBATI DIN STOFA (LINA TIP LINA),2,206
20602,PARDESIU PENTRU BARBATI DIN STOFA (LINA TIP LINA),2,206
20603,COSTUM PENTRU BARBATI DIN STOFA (100% LINA),2,206
20604,COSTUM PENTRU BARBATI DIN STOFA (LINA IN AMESTEC TIP LINA) MODEL CLASIC,2,206
20607,SACOU PENTRU BARBATI DIN STOFA (LINA TIP LINA) MODEL CLASIC,2,206
20608,PANTALONI PENTRU BARBATI DIN STOFA (100% LINA),2,206
20609,PANTALONI PENTRU BARBATI DIN STOFA (LINA IN AMESTEC TIP LINA),2,206
20610,SCURTA 3/4 PENTRU BARBATI DIN STOFA (LINA TIP LINA),2,206
20703,SCURTA PENTRU BARBATI DIN FIS CU CAPTUSEALA IZOTERMA,2,207
20705,SCURTA PENTRU BARBATI DIN MICROFIBRA CU CAPTUSEALA IZOTERMA,2,207
20707,TRENING PENTRU BARBATI DIN MICROFIBRA,2,207
20708,PANTALONI DIN POLIESTER (100%) PENTRU BARBATI,2,207
20709,VESTA MATLASATA DIN POLIESTER (100%) PENTRU BARBATI,2,207
20802,CAMASA PENTRU BARBATI CU MINECA SCURTA DIN TESATURI IN SAU TIP IN,2,208
20803,SACOU PENTRU BARBATI DIN TESATURI IN SAU TIP IN,2,208
20804,PANTALONI PENTRU BARBATI DIN TESATURI IN SAU TIP IN,2,208
20901,HAINA 3/4 (COJOC) PENTRU BARBATI DIN PIEI OVINE MODEL SPORT,2,209
20907,HAINA SCURTA PENTRU BARBATI DIN PIEI OVINE,2,209
20908,GEACA PENTRU BARBATI DIN PIEI OVINE,2,209
21003,HAINA 3/4 DIN PIELE ECOLOGICA PENTRU BARBATI,2,210
21004,GEACA DIN PIELE ECOLOGICA PENTRU BARBATI,2,210
21108,BLUZA PENTRU FEMEI CU MINECA LUNGA (BBC IN AMESTEC),2,211
21112,PIJAMA PENTRU FEMEI DIN FINET,2,211
21113,PANTALONI PENTRU FEMEI DIN TESATURA TIP JEANS,2,211
21114,PANTALONI 3/4 DIN TESATURA BUMBAC SAU TIP BUMBAC PENTRU FEMEI,2,211
21115,FUSTA PENTRU FEMEI DIN TESATURA TIP JEANS,2,211
21201,PALTON PENTRU FEMEI DIN STOFA (LINA TIP LINA) CAPTUSEALA DIN VISCOZA SAU ACETAT MODEL,2,212
21203,PARDESIU PENTRU FEMEI DIN STOFA (LINA TIP LINA),2,212
21204,COMPLEU PENTRU FEMEI DIN STOFA (100% LINA) JACHETA LUNGA FUSTA DREAPTA MODEL,2,212
21205,COMPLEU PENTRU FEMEI DIN STOFA (LINA IN AMESTEC TIP LINA),2,212
21206,JACHETA PENTRU FEMEI DIN STOFA (LINA TIP LINA) CROIALA CLASICA,2,212
21207,PANTALONI PENTRU FEMEI DIN STOFA (TIP LINA SAU LINA IN AMESTEC),2,212
21211,FUSTA PENTRU FEMEI DIN STOFA (LINA TIP LINA),2,212
21301,SCURTA PENTRU FEMEI DIN FIS CU CAPTUSEALA IZOTERMA,2,213
21303,COMPLEU PENTRU FEMEI DIN VISCOZA MODEL CLASIC,2,213
21306,ROCHIE PENTRU FEMEI DIN MATA- SE VEGETALA MODEL FLORAL DIFERIT COLORAT MODEL CLASIC,2,213
21307,BLUZA PENTRU FEMEI DIN VISCOZA,2,213
21310,SCURTA PENTRU FEMEI DIN MICROFIBRA CU CAPTUSEALA IZOTERMA,2,213
21311,COMPLEU PENTRU FEMEI DIN TESATURI FIRE MATASE SI TIP MATASE,2,213
21312,JACHETA PENTRU FEMEI DIN TESATURI FIRE MATASE SI POLIESTER,2,213
21313,ROCHIE PENTRU FEMEI DIN VISCOZA SAU MATASE SINTETICA,2,213
21314,PANTALONI PENTRU FEMEI DIN TESATURA POLIESTER 100%,2,213
21315,SACOU PENTRU FEMEI DIN TESATURA POLIESTER 100%,2,213
21316,VESTA MATLASATA DIN POLIESTER (100%) PENTRU FEMEI,2,213
21401,COMPLEU PENTRU FEMEI DIN TESATURI IN SAU TIP IN,2,214
21402,BLUZA PENTRU FEMEI DIN TESATURI IN SAU TIP IN,2,214
21403,FUSTA PENTRU FEMEI DIN TESATURI IN SAU TIP IN,2,214
21504,HAINA 3/4 (COJOC) PENTRU FEMEI DIN PIEI OVINE,2,215
21514,CACIULA PENTRU FEMEI DIN BLANA VULPE POLARA,2,215
21515,GEACA PENTRU FEMEI DIN PIEI OVINE,2,215
21602,SCURTA PENTRU FEMEI DIN BLANA ECOLOGICA,2,216
21603,HAINA 3/4 DIN PIELE ECOLOGICA PENTRU FEMEI,2,216
21604,GEACA DIN PIELE ECOLOGICA PENTRU FEMEI,2,216
21701,CANADIANA PENTRU COPII DIN TERCOT CAPTUSITA,2,217
21704,PANTALONI PENTRU COPII DIN CATIFEA RAIATA,2,217
21705,PANTALONI PENTRU COPII DIN TESATURA TIP JEANS,2,217
21708,ROCHITA PENTRU FETITE DIN CATIFEA,2,217
21709,ROCHIE (UNIFORMA SCOLARA) DIN TESATURA BUMBAC SAU TIP BBC. IN CAROURI CU MINECA LUNGA,2,217
21711,CAMASA PENTRU BAIETI DIN BUMBAC IN AMESTEC,2,217
21715,CAMASUTA PENTRU NOUSCUTI DIN BUMBAC (100%),2,217
21716,PIJAMA PENTRU COPII DIN FINET,2,217
21719,SCUTECE PENTRU NOUSCUTI DIN FINET,2,217
21721,ROCHITA DE VARA DIN TESATURA BUMBAC SAU TIP BUMBAC,2,217
21802,COSTUM (UNIFORMA SCOLARA) DIN STOFA (LINA TIP LINA) CAPTUSIT CU SERJ,2,218
21803,PANTALONI PENTRU COPII DIN STOFA (LINA TIP LINA),2,218
21805,FUSTA PENTRU FETE DIN STOFA (LINA TIP LINA),2,218
21806,COSTUM PENTRU BAIETI DIN STOFA (LINA TIP LINA),2,218
21807,ROCHITA PENTRU FETITE DIN STOFA (LINA TIP LINA)) CU MINECA LUNGA,2,218
21901,SCURTA PENTRU COPII DIN FIS CU CAPTUSEALA IZOTERMA CU GLUGA FERMOAR SI BUZUNARE,2,219
21905,PORT-BEBE DIN MATASE,2,219
21907,GEACA DIN FIS CU CAPTUSEALA SUBTIRE,2,219
21908,BLUZA PENTRU FETE DIN MATASE SAU TIP MATASE,2,219
21909,BLUZA PENTRU FETE DIN FIBRE ARTIFICIALE SAU SINTETICE,2,219
22001,PANTALONI LUNGI PENTRU BAIETI TESATURI IN SAU TIP IN,2,220
22002,ROCHITA IMPRIMATA PENTRU FETITE DIN TESATURI IN SAU TIP IN,2,220
22003,CAMASA PENTRU BAIETI CU MINECA LUNGA DIN TESATURI IN SAU TIP IN,2,220
22102,COSTUMAS PENTRU COPII (PINA LA 3 ANI) DIN FIS IMBLANIT SAU MATLASAT,2,221
22104,HAINA (3/4) PENTRU COPII DIN BLANA ECOLOGICA,2,221
22201,JACHETA PENTRU BARBATI (PNA ACRIL),2,222
22202,PULOVER PENTRU BARBATI DIN LINA SAU LINA IN AMESTEC,2,222
22203,PULOVER PENTRU BARBATI (PNA ACRIL) CU MINECA LUNGA,2,222
22205,VESTA PENTRU BARBATI (PNA ACRIL),2,222
22211,PIJAMA PENTRU BARBATI DIN TRICOT (BBC IN AMESTEC),2,222
22214,CAMASA DE CORP PENTRU BAR- BATI DIN TRICOT (BBC IN AMESTEC),2,222
22215,TRICOU PENTRU BARBATI DIN TRICOT (100% BBC) LA BAZA GITULUI CU MINECA SCURTA,2,222
22217,MAIEU PENTRU BARBATI DIN TRICOT (100% BBC),2,222
22219,CHILOTI PENTRU BARBATI DIN TRICOT (100% BBC) CU BETELIE ELASTICA,2,222
22221,FULAR PENTRU BARBATI DIN LINA IN AMESTEC,2,222
22222,PANTALONI TRENING PENTRU BARBATI,2,222
22223,TRICOU CU MINECA LUNGA PENTRU BARBATI DIN TRICOT (BBC. SAU BBC IN AMESTEC),2,222
22301,JACHETA PENTRU FEMEI (PNA ACRIL) UNI,2,223
22302,PULOVER PENTRU FEMEI DIN LINA SAU LINA IN AMESTEC,2,223
22304,PULOVER PENTRU FEMEI (PNA ACRIL) UNI CU MINECA LUNGA,2,223
22307,TRENING PENTRU FEMEI DIN TRICOT (TIP BBC),2,223
22309,PIJAMA PENTRU FEMEI DIN BUMBAC SAU BUMBAC IN AMESTEC,2,223
22311,CAMASA DE NOAPTE PENTRU FEMEI DIN BUMBAC SAU BBC IN AMESTEC,2,223
22312,TRICOU PENTRU FEMEI DIN BUMBAC,2,223
22313,MAIEU PENTRU FEMEI DIN BUMBAC (100%),2,223
22314,CHILOTI PENTRU FEMEI DIN BUMBAC,2,223
22320,JUPA PENTRU FEMEI,2,223
22401,JACHETA PENTRU FETE (PNA ACRIL),2,224
22403,COSTUMAS PENTRU COPII (2 ANI) (PNA ACRIL),2,224
22406,PULOVER PENTRU COPII (PNA ACRIL),2,224
22407,TRENING PENTRU COPII (PNA ACRIL),2,224
22409,PANTALONI PENTRU COPII (PNA ACRIL),2,224
22410,FULAR PENTRU COPII (PNA ACRIL),2,224
22411,CACIULA PENTRU COPII (PNA ACRIL),2,224
22413,MANUSI PENTRU COPII (PNA ACRIL),2,224
22416,COSTUMAS PENTRU NOUSCUTI DIN FROTIR,2,224
22417,COSTUMAS (FARA CACIULITA) PEN- TRU NOUSCUTI DIN BUMBAC IN AMESTEC,2,224
22418,PIJAMA PENTRU COPII DIN BUMBAC SAU BUMBAC IN AMESTEC,2,224
22422,TRENING PENTRU COPII DIN BUMBAC (100%),2,224
22423,SALOPETA PENTRU COPII DIN FROTIR,2,224
22429,BLUZA DE CORP PENTRU NOUSCUTI DIN FROTIR,2,224
22430,COMPLEU (PANTALONI SCURTI + TRICOU) PENTRU COPII DIN BUMBAC (100%),2,224
22431,TRICOU PENTRU COPII DIN TRICOT (BBC IN AMESTEC),2,224
22432,MAIEU PENTRU COPII DIN TRICOT (BBC IN AMESTEC),2,224
22433,CACIULITA PENTRU NOUSCUTI DIN BUMBAC,2,224
22435,CHILOTI PENTRU COPII DIN BUMBAC (100%),2,224
22436,BOTOSEI PENTRU COPII,2,224
22501,CIORAPI PENTRU BARBATI - LINA IN AMESTEC,2,225
22503,SOSETE (CIORAPI) PENTRU BARBATI DIN BUMBAC (100%),2,225
22504,CIORAPI FLAUSATI PENTRU BARBATI DIN FROTIR (BBC IN AMESTEC),2,225
22505,CIORAPI PENTRU BARBATI - BBC IN AMESTEC,2,225
22601,CIORAPI PANTALON PENTRU FEMEI (PNA SAU TIP PNA),2,226
22602,CIORAPI PANTALON PENTRU FEMEI DIN POLIAMIDA (ADESGO SIBIU) - CALITATEA I,2,226
22606,CIORAPI PENTRU FEMEI DIN BUMBAC (100%),2,226
22607,SOSETE PENTRU FEMEI (TIP BBC),2,226
22608,CIORAP PANTALON PENTRU FEMEI DIN FIR LYCRA,2,226
22611,COLANTI SUPRAELASTICI PENTRU FEMEI POLIESTER (100%),2,226
22612,SOSETE PENTRU FEMEI DIN FIR LYCRA,2,226
22703,CIORAPI PANTALON PENTRU COPII (1-3 ANI) DIN PNA SAU PNA IN AMESTEC,2,227
22704,CIORAPI PANTALON PENTRU COPII (7-14 ANI) DIN PNA SAU PNA IN AMESTEC,2,227
22708,SOSETE PENTRU COPII DIN BUMBAC SAU BUMBAC IN AMESTEC,2,227
22710,CIORAPI PANTALON PENTRU COPII (4-7 ANI) (BUMBAC IN AMESTEC),2,227
22711,CIORAPI PANTALON PENTRU COPII (1-3 ANI) (BUMBAC IN AMESTEC),2,227
22801,CIZME PENTRU BARBATI DIN PIELETURALA CAPTUSITE CU FERMOAR INALTIME CARIMB,2,228
22802,BOCANCI PENTRU BARBATI CU FATA DIN PIELETURALA CAPTUSITI TALPA CAUCIUC,2,228
22803,GHETE PENTRU BARBATI CU FATA DIN PIELETURALA CAPTUSITE TALPA SINTETICA,2,228
22807,PANTOFI PENTRU BARBATI CU FATA DIN PIELETURALA CAPTUSITI TALPA SINTETICA,2,228
22808,"PANTOFI PENTRU BARBATI TIP ""MOCASIN"" CU FATA PIELETURALA CAPTUSITI TALPA",2,228
22809,"PANTOFI PENTRU BARBATI TIP ""ADIDAS"" CU FATA DIN PIELETURALA",2,228
22812,"PANTOFI PENTRU BARBATI TIP ""OTTER"" CU FATA PIELETURALA CAPTUSITI TALPA",2,228
22813,SANDALE PENTRU BARBATI CU FATA PIELETURALA CAPTUSITE TALPA SINTETICA,2,228
22903,PAPUCI DE CASA PENTRU BARBATI CU FATA DIN MATERIAL TEXTIL,2,229
22904,"PANTOFI PENTRU BARBATI TIP ""ADIDAS"" CU FATA DIN PIELE SINTETICA",2,229
22905,PANTOFI PENTRU BARBATI DIN PIELE SINTETICA,2,229
23001,CIZME SIMPLE PENTRU BARBATI DIN CAUCIUC,2,230
23003,TENISI PENTRU BARBATI CU SIRET,2,230
23102,CIZME PENTRU FEMEI CU FATA DIN PIELETURALA CAPTUSITE TALPA SINTETICA,2,231
23103,CIZME 3/4 PENTRU FEMEI CU FATA DIN PIELETURALA CAPTUSITE TALPA SINTETICA,2,231
23104,GHETE PENTRU FEMEI CU FATA DIN PIELETURALA CAPTUSITE TALPA CAUCIUC,2,231
23106,PANTOFI PENTRU FEMEI CU FATA DIN PIELETURALA CAPTUSITI TALPA SINTETICA CU TOC INALT,2,231
23108,PANTOFI PENTRU FEMEI CU FATA DIN PIELETURALA CAPTUSITI TALPA SINTETICA MODEL SPORT,2,231
23109,PANTOFI PENTRU FEMEI CU FATA DIN PIELETURALA NECAPTU- SITI TALPA SINTETICA TIP,2,231
23112,SANDALE PENTRU FEMEI CU FATA DIN PIELETURALA CAPTUSITE TALPA SINTETICA,2,231
23203,PANTOFI PENTRU FEMEI CU FATA PIELE SINTETICA,2,232
23204,SANDALE PENTRU FEMEI CU FATA PIELE SINTETICA,2,232
23205,GHETE PENTRU FEMEI FATA PIELE SINTETICA CAPTUSITE TALPA CAUCIUC,2,232
23207,SANDALE PENTRU FEMEI CU FATA DIN MATERIAL TEXTIL,2,232
23301,CIZME SIMPLE PENTRU FEMEI DIN CAUCIUC,2,233
23302,TENISI PENTRU FEMEI,2,233
23303,PAPUCI PLASTIC PENTRU FEMEI,2,233
23401,CIZME IMBLANITE PENTRU COPII CU FATA DIN PIELETURALA TALPA CAUCIUC,2,234
23403,GHETE PENTRU COPII CU FATA DIN PIELETURALA CAPTUSITE CU MATERIAL TEXTIL SAU BLANA,2,234
23404,GHETUTE PENTRU COPII (PINA LA 2 ANI) DIN PIELETURALA CAPTUSITE TALPA SINTETICA,2,234
23405,PANTOFI PENTRU COPII CU FATA DIN PIELETURALA CAPTU- SITI TALPA SINTETICA,2,234
23407,PANTOFI PENTRU BAIETI DIN PIELETURALA CAPTUSITI TALPA CAUCIUC,2,234
23409,PANTOFI ADIDAS PENTRU COPII DIN PIELETURALA,2,234
23410,SANDALE PENTRU FETITE CU FATA DIN PIELETURALA TALPA SINTETICA,2,234
23411,CIZME PENTRU FETE CU FATA DIN PIELETURALA CAPTUSITE CU BLANA SINTETICATALPA CAUCIUC,2,234
23412,PANTOFI PENTRU FETE CU FATA DIN PIELETURALA CAPTUSITI TALPA CAUCIUC,2,234
23502,GHETE PENTRU COPII DIN PIELE SINTETICA CAPTUSITE,2,235
23503,PANTOFI PENTRU COPII CU FATA PIELE SINTETICA TALPA CAUCIUC,2,235
23504,PANTOFI PENTRU FETE CU FATA DIN MATERIAL TEXTIL,2,235
23505,PANTOFI SPORT PENTRU COPII DIN PIELE SINTETICA,2,235
23506,PANTOFI PENTRU COPII (TIP TENIS) CU FATA MATERIAL TEXTIL FARA CAPTUSEALA,2,235
23510,PAPUCI DE CASA PENTRU COPII CU FATA DIN MATERIAL TEXTIL,2,235
23511,SANDALE PENTRU FETITE CU FATA DIN MATERIAL TEXTIL,2,235
23601,CIZME PENTRU COPII DIN CAUCIUC,2,236
23701,PALARII PENTRU FEMEI DIN FETRU NECAPTUSITE,2,237
23702,PALARII PENTRU BARBATI DIN FETRU CAPTUSITE,2,237
23705,BATIC DIN MATASE (70/70 CM),2,237
23707,ESARFA PENTRU FEMEI DIN MATASETURALA,2,237
23710,CRAVATA DIN MATASETURALA (100%),2,237
23713,UMBRELA PENTRU FEMEI PLIANTA AUTOMATA,2,237
23714,UMBRELA PENTRU BARBATI PLIANTA CU MECANISM CULISANT,2,237
23716,SUTIEN SUPRAELASTIC,2,237
23719,BATISTA PENTRU BARBATI DIN BUMBAC (100%),2,237
23720,BATISTA PENTRU FEMEI DIN BUMBAC (100%),2,237
23721,ESARFA DIN MATASE SINTETICA,2,237
23722,SUTIEN PUSH-UP (JOLIDON),2,237
23723,ESARFA FEMEI DIN TESATURA TIP LINA CCA 70/150 CM,2,237
23801,DANTELE DIN BUMBAC (LATIME 25 MM),2,238
23805,ATA DE CUSUT DIN BUMBAC SUBTIRE (LUNGIME 250 M),2,238
23807,ATA COTTON-PERLE DIN BUMBAC - BOBIN,2,238
23810,FERMOAR DIN PLASTIC (16-20 CM),2,238
23811,ELASTIC SUBTIRE,2,238
23812,ELASTIC LAT (15 CM),2,238
23813,MACRAME - SCUL (100 G),2,238
23814,FIRE DE TRICOTAT DIN PNA - SCUL (100 G),2,238
23818,NASTURI PENTRU CAMASI,2,238
23819,ACE DE CUSUT - INDIGENE (TRUSA 10 BUCATI),2,238
23820,FIRE TIP MOHAIR,2,238
23902,POSETA DIN PIELETURALA (DIMENSIUNE MEDIE),2,239
23904,GEANTA PENTRU BARBATI DIN PIELE ECOLOGICA,2,239
23906,POSETA DIN PIELE ECOLOGICA FORMAT MARE,2,239
23911,GEANTA DE VOIAJ DIN MATERIAL TEXTIL,2,239
23912,CUREA PENTRU FEMEI DIN PIELETURALA,2,239
23914,CUREA INGUSTA PENTRU BARBATI DIN PIELETURALA,2,239
23915,CUREA SIMPLA PENTRU CEAS DIN PIELETURALA,2,239
23918,TOC PENTRU OCHELARI DIN PIELE ECOLOGICA,2,239
23921,MANUSI PENTRU FEMEI DIN PIELETURALA CAPTUSITE CU TRICOT,2,239
23922,MANUSI PENTRU BARBATI DIN PIELETURALA CAPTUSITE CU TRICOT,2,239
23923,POSETA DIN MATERIAL TEXTIL,2,239
23924,MANUSI PENTRU FEMEI DIN PIELE ECOLOGICA NECAPTUSITE,2,239
23925,CUREA PENTRU FEMEI DIN PIELE ECOLOGICA,2,239
23926,HUSA PROTECTIE PENTRU TELEFON MOBIL TIP SMARTPHONE (MATERIAL PLASTIC PIELE,2,239
24008,MASA EXTENSIBILA DULAP CU 2 USI VITRINA 6 SCAUNE TAPITATE CU PLUS (FURNIR,2,240
24009,BIBLIOTECA CANAPEA 3 LOCURI COLTAR 1 FOTOLIU FIX MASUTA,2,240
24010,CORP BAZA CU SERTARE POLITE FIXE SPATIU DESTINAT TV VITRINA GEAM SABLAT,2,240
24102,DULAP CU 4 USI PAT 2 PERS. 2 NOPTIERE COMODA CU RAMA OGLINDA (FURNIR STEJAR,2,241
24103,DULAP CU 3 USI PAT 2 PERS. 2 NOPTIERE COMODA (FURNIRTURAL FINISAJ MAT),2,241
24106,DULAP CU 2 USI PAT 2 PERS. 2 NOPTIERE (FURNIR STEJAR FINISAJ MAT),2,241
24111,DULAP CU 3 USI PAT 2 PERS. 2 NOPTIERE TOALETA CU OGLINDA TABURET (FURNIR FAG,2,241
24112,BIBLIOTECA CU 4 TRONSOANE BIROU INCORPORAT PAT O PERS. (FINISAJ MAT) - CAMERA,2,241
24113,BIBLIOTECA DULAP CU 2 USI PAT O PERS. 2 NOPTIERE BIROU (FINISAJ MAT) - CAMERA,2,241
24201,2 CORPURI INF. CU 2 USI CORP SUP. CU 2 USI CORP SUP. CU 2 USI CU GEAM DULAP INALT,2,242
24207,CORP INF. CU 2 USI CORP SUP. CU 2 USI MASCA CHIUVETA,2,242
24208,COLTAR DE BUCATARIE CU MASA SI 2 SCAUNE,2,242
24302,CANAPEA EXTENSIBILA 3 LOCURI 2 FOTOLII FIXE (TAPITATE CU MATERIAL TEXTIL),2,243
24305,CANAPEA EXTENSIBILA 3 LOCURI CU COLTAR (TAPITATA CU MATERIAL TEXTIL),2,243
24306,CANAPEA EXTENSIBILA 3 LOCURI 2 FOTOLII FIXE (TAPITATE CU PIELE ECOLOGICA),2,243
24401,4 TRONSOANE (CORP VITRINA BAR TV RAFTURI CARTI) DULAP HAINE CU 2 USI CU,2,244
24402,3 TRONSOANE CORP INGUST CU SERTARE DULAP HAINE CU 2 USI CU CORP SUP. 4 CORPURI INF.,2,244
24403,3 TRONSOANE DULAP HAINE CU 2 USI (FURNIR FAG FINISAJ MAT),2,244
24501,SCAUN DE BUCATARIE,2,245
24502,SCAUN PLIANT DIN LEMN FURNI- RUIT NETAPITAT,2,245
24504,SCAUN CU SPATAR SI SEZUT TAPITAT,2,245
24505,MASA DE BUCATARIE MELAMINATA,2,245
24506,MASA PLIANTA FURNIRUITA PENTRU 6 PERSOANE,2,245
24509,COMODA PENTRU TV,2,245
24510,DULAP HAINE CU 2 USI FURNI- RUIT,2,245
24511,DULAP HAINE CU 2 USI CORP SUP. CU 2 USI FURNIRUIT,2,245
24513,MASCA CHIUVETA CU 2 USI MELAMINATA,2,245
24517,CUIER FURNIRUIT CU OGLINDA DULAPIOR PENTRU PANTOFI,2,245
24524,ETAJERA CU 6 RAFTURI (LATIME 06 M),2,245
24526,PATUT PENTRU COPII DIN LEMN,2,245
24527,MASA DE BUCATARIE DIN LEMN,2,245
24529,CORP INFERIOR CU 2 USI CORP SUP. CU 2 USI PENTRU BUCA- TARIE,2,245
24530,FOTOLIU FIX TAPITAT CU PLUS,2,245
24531,FOTOLIU PAT TAPITAT CU PLUS,2,245
24532,"SALTEA TIP ""RELAXA"" PENTRU O PERSOANA",2,245
24535,SCAUN DE GRADINA DIN MATERIAL PLASTIC FARA PERNA,2,245
24536,MASA DE GRADINA DIN MATERIAL PLASTIC FORMA ROTUNDA,2,245
24537,PAT DIN PAL MELAMINAT PENTRU 2 PERSOANE EXCLUSIV SALTEAUA,2,245
24538,DULAP DE BAIE SUSPENDAT CU 2 USI SI OGLINDA DIN MATERIAL PLASTIC,2,245
24539,BIBLIOTECA PAL MELAMINAT SAU FURNIRUIT (L 3012 X A 600 X H 2012),2,245
24540,MASA PENTRU CALCULATOR DIN PAL MELAMINAT MAT (SUPORT CALCULATOR SI TASTATURA+CORP,2,245
24541,MASA BLAT STICLA SECURIZATA SI PICIORE DIN LEMN JOASA,2,245
24542,SCAUN ERGONOMIC MATERIAL TEXTIL REGLABIL PE INALTIME,2,245
24601,GARNITURA DE PAT PENTRU 1 PERS. DIN BUMBAC IN AMESTEC,2,246
24604,GARNITURA DE PAT PENTRU 2 PERS. (4 PIESE) DIN BUMBAC (100%) IMPRIMATA - INDIGENA,2,246
24606,CEARCEAF DE PAT DUBLU (BBC IN AMESTEC) - INDIGEN,2,246
24607,FATA DE PERNA (BBC IN AMESTEC) - INDIGENA,2,246
24611,PILOTA PENTRU 2 PERSOANE CU UMPLUTURA SINTETICA,2,246
24701,PROSOP DE BUCATARIE - INDIGEN,2,247
24702,PROSOP FLAUSAT (50/100 CM),2,247
24704,PROSOP FLAUSAT (70/140 CM),2,247
24705,FATA DE MASA (6 PERSOANE) DIN BBC IN AMESTEC,2,247
24709,FATA DE MASA (6 PERSOANE) DIN DAMASC,2,247
24802,PATURA POLIACRIL (180/200 CM),2,248
24804,PATURA DIN LINA (100%) (150/200 CM),2,248
24806,PLED PENTRU COPII,2,248
24901,COVOR PLUSAT PRELUCRAT MECANIC (LINA IN AMESTEC),2,249
24902,COVOR PLUSAT PRELUCRAT MECANIC (100% LINA),2,249
24904,COVOR PLUSAT PRELUCRAT MECANIC DIN FIR SINTETIC,2,249
25001,CARPETA PLUSATA PRELUCRATA MECANIC (LINA IN AMESTEC),2,250
25002,MOCHETA PLUSATA DIN FIR SINTETIC,2,250
25003,MOCHETA BUCLATA DIN FIR SINTETIC,2,250
25102,"FRIGIDER ""ARCTIC"" (150-250 L)",2,251
25103,"FRIGIDER ""ARCTIC"" (114-140 L)",2,251
25105,COMBINA FRIGORIFICA (260- 300 L) (WHIRLPOOL ZANUSSI),2,251
25106,"FRIGIDER ""ARCTIC"" (270-300 L)",2,251
25107,"COMBINA FRIGORIFICA ""ARCTIC"" (240-300 L)",2,251
25110,COMBINA FRIGORIFICA (320- 340 L) DEZGHETARE AUTOMATA USI REVERSIBILE,2,251
25111,"COMBINA FRIGORIFICA ""INDESIT"" - NO FROST CLASA A 1 COM- PRESOR DEZGHETARE AUTOMATA",2,251
25201,"CONGELATOR ""ARCTIC"" (AC 215 AC 256)",2,252
25202,"CONGELATOR ""ARCTIC"" (C 105 AC 135)",2,252
25306,MASINA DE SPALAT RUFE SEMI- AUTOMATA (ALBATROS SPLENDID,2,253
25402,MASINA DE SPALAT RUFE AUTOMATA - INCARCARE FRONTALA (1200 ROT.),2,254
25403,"MASINA DE SPALAT RUFE AUTOMATA ""ARCTIC"" (800-1000 ROT.)",2,254
25404,MASINA DE SPALAT RUFE AUTOMATA - INCARCARE VERTICALA (1000 ROT.),2,254
25405,MASINA DE SPALAT VASE 12 SETURI 6 PROGRAME CLASA A+,2,254
25502,MASINA DE CUSUT ELECTRICA,2,255
25607,ASPIRATOR ELECTRIC (PUTERE 1000-1500 W),2,256
25610,ASPIRATOR ELECTRIC (PUTERE 1501-1800 W),2,256
25611,ASPIRATOR CU FILTRARE IN APA (PUTERE 1400 W),2,256
25612,ASPIRATOR FARA SAC CU FILTRU HEPA - 850-1200 W,2,256
25702,MASINA DE ARAGAZ CU 4 OCHIURI,2,257
25704,BUTELIE DE ARAGAZ,2,257
25705,GRATAR EMAILAT,2,257
25708,PLACA EMAILATA SUPERIOARA PENTRU ARAGAZ CU 3 SAU 4 OCHIURI,2,257
25709,BUTON (PLASTIC EBONITA) PT. ARAGAZ,2,257
25711,HOTA PENTRU ARAGAZ CU 1 MOTOR SI 3 TREPTE VITEZA,2,257
25712,CUPTOR INCORPORABIL INOX PE GAZ CU GRILL SI ROTISOR,2,257
25713,PLITA ARAGAZ INCASTRABIL 4 ARZATOARE APRINDERE ELECTR. SUPAPA SIGURANTA,2,257
25801,RADIATOR ELECTRIC TIP INFRA 1500-1700 W,2,258
25802,RESOU ELECTRIC CU 1 OCHI MULTIFUNCTIONAL,2,258
25804,AEROTERMA CU 2 TREPTE DE CAL- DURA SI VENTILATOR,2,258
25805,RADIATOR CU ULEI,2,258
25806,PLITA ELECTRICA CU 1 OCHI MULTIFUNCTIONAL,2,258
25903,SOBA DE INCALZIT CU GAZ METAN,2,259
25904,SOBA DE INCALZIT CU COMBUS- TIBIL SOLID,2,259
25906,CENTRALA TERMICA DE APARTAMENT CU TIRAJ FORTAT (CU APRINDERE ELECTRONICA),2,259
26003,FIER DE CALCAT CU GENERATOR DE ABUR TALPA AUTOCLEAN,2,260
26004,RISNITA DE CAFEA (100 W),2,260
26006,MIXER,2,260
26007,USCATOR DE PAR,2,260
26008,VENTILATOR DE CAMERA,2,260
26011,FILTRU DE CAFEA (800 W),2,260
26012,PRAJITOR ELECTRIC PENTRU PIINE,2,260
26013,STORCATOR FRUCTE,2,260
26014,CUPTOR CU MICROUNDE,2,260
26015,FRIPTEUZA (PUTERE 1900-2000 W SI CAPACITATE 15-25 LITRI),2,260
26016,APARAT DE AER CONDITIONAT (12000 BTU) CLASA A,2,260
26017,EPILATOR,2,260
26018,BLENDER DE BUCATARIE 300-600 (PASAT BATUT TAIAT),2,260
26019,SANDWICH MAKER,2,260
26020,CANA FIERBATOR (17 L),2,260
26021,MASINA DE TOCAT CARNE PUTERE 1500 W,2,260
26022,ESPRESSOR CAFEA (CAPSULE 3-15 BARI 0.5-1 L 800-1300 W),2,260
26103,BEC 220 V BALON TRANSPARENT FASUNG NORMAL,2,261
26105,BEC 220 V 40 W BALON MAT FASUNG MIC PENTRU VEIOZA,2,261
26106,TUB FLUORESCENT DE 20 W,2,261
26107,LUSTRA CU 3 BRATE,2,261
26110,BATERII R6 (AA) DE 15 V,2,261
26113,PLAFONIERA CU 1 BEC,2,261
26114,BEC ECONOMIC 20 W ECHIVALENT A 100 W,2,261
26115,BATERII R3 (AAA) DE 15 V ALCALINE,2,261
26116,BEC LED E 27 (PHILIPS),2,261
26203,PRIZA TRIPLA FARA CONTACT DE PROTECTIE CORDON DE 2-3 M (PRELUNGITOR),2,262
26206,INTRERUPATOR,2,262
26207,COMUTATOR (INTRERUP. BIPOLAR),2,262
26211,DULIE E 14,2,262
26214,PRIZA SIMPLA,2,262
26215,PRIZA MULTIPLA CU CONTACT DE PROTECTIE CORDON DE 3-5 M (PRELUNGITOR),2,262
26216,STEKER SCHUKO,2,262
26217,PRIZA DUBLA SCHUKO,2,262
26301,LINGURA DE MASA DIN INOX,2,263
26303,FURCULITA DE MASA DIN INOX,2,263
26305,LINGURITA CEAI DIN INOX,2,263
26306,CUTIT DE MASA DIN INOX,2,263
26309,CRATITA ADINCA CU BORD PLACAT DIN TABLA EMAILATA CU CAPAC (35-4 L),2,263
26311,CRATITA JOASA CU CAPAC (2 L),2,263
26312,OALA EMAILATA (6 L),2,263
26315,GALEATA DIN TABLA EMAILATA (10 L) - CAL. I,2,263
26316,RAZATOARE DIN TABLA (CU 4 FETE),2,263
26318,TAVA DIN INOX,2,263
26319,FORMA PENTRU COPT COZONAC DIN TABLA,2,263
26320,MASINA DE TOCAT CARNE EMAILATA SUPER NR.8 MANUALA,2,263
26322,BROASCA YALA SIMPLA CU 3 CHEI,2,263
26323,CINTAR DE BUCATARIE,2,263
26327,TIGAIE DIN TEFLON (CCA. 20 CM),2,263
26328,IBRIC DIN INOX (1 L),2,263
26329,GRILL CU STRAT CERAMIC (28*28 CM),2,263
26330,FORMA DE TORT ROTUNDA CU PERETI SAU BAZA DETASABILE CU DIAM. DE 24-28 CM,2,263
26402,BURETE PENTRU SPALAT VASE,2,264
26403,VANA (CADITA) DIN PLASTIC MARIME MEDIE,2,264
26404,GALEATA DIN PLASTIC (10 L) FARA CAPAC,2,264
26405,BATATOR PENTRU COVOR DIN PLASTIC,2,264
26406,CIRLIG PENTRU RUFE DIN PLASTIC,2,264
26407,UMERAS DIN PLASTIC,2,264
26408,LINOLEUM IMPORT (LATIME 2 M),2,264
26411,CANISTRA (BIDON) DIN PLASTIC (10 L),2,264
26413,FARAS DIN PLASTIC,2,264
26414,LIGHEAN DIN PLASTIC (10-15 L),2,264
26415,PILNIE DIN PLASTIC,2,264
26416,MUSAMA (LATIME 14 M),2,264
26417,GALEATA DIN PLASTIC (10 L) CU STORCATOR SI MOP,2,264
26418,COS DE RUFE CU CAPAC DIN PLASTIC,2,264
26419,SCURGATOR CU TAVA PENTRU FARFURII SI TACIMURI DIN PLASTIC,2,264
26420,SUPORT ORIZONTAL DE TACIMURI DIN PLASTIC (PENTRU SERTAR),2,264
26421,PAHARE PLASTIC ALBE DE UNICA FOLOSINTA (50 BUCATI),2,264
26422,FARFURII PLASTIC ALBE DE UNICA FOLOSINTA (20 BUCATI),2,264
26423,MANUSI DE MENAJ (LATEX),2,264
26424,SACI DE MENAJ (20 BUC.-35 L),2,264
26425,CUTIE ALIMENTARA CU CAPAC DIN MATERIAL PLASTIC (2 L),2,264
26426,GHIVECI FLORI FARA FARFURIE DIN PLASTIC 20 CM DIAM.,2,264
26501,SERVICI DE MASA DIN PORTELAN PENTRU 6 PERSOANE,2,265
26504,SERVICI DE CAFEA DIN PORTELAN PENTRU 6 PERSOANE,2,265
26505,FARFURIE ADINCA DIN FAIANTA,2,265
26506,FARFURIE ADINCA DIN PORTELAN,2,265
26507,FARFURIE INTINSA DIN PORTELAN,2,265
26508,FARFURIE INTINSA DIN FAIANTA,2,265
26509,FARFURIE DESERT DIN FAIANTA,2,265
26510,FARFURIE DESERT DIN PORTELAN,2,265
26511,CEASCA CAFEA+FARFURIOARA DIN FAIANTA,2,265
26512,CEASCA CAFEA+FARFURIOARA DIN PORTELAN,2,265
26515,CANA PENTRU APA DIN FAIANTA FARA FARFURIOARA,2,265
26601,PAHAR APA DIN STICLA,2,266
26602,PAHAR APA FARA PICIOR DIN CRISTAL INCOLOR,2,266
26605,PAHAR VIN CU PICIOR DIN STICLA,2,266
26607,PAHAR BERE (SONDA) DIN STICLA,2,266
26609,PAHAR LICHIOR CU PICIOR DIN STICLA,2,266
26611,PAHAR SAMPANIE DIN STICLA CU PICIOR (CAPACITATE CCA. 150 ML),2,266
26612,VAZA DE CRISTAL INCOLOR DIM. CCA. 20 CM,2,266
26613,VAS ROTUND CU CAPAC DIN STICLA TERMOREZISTENTA (CAPACITATE 1-2 LITRI),2,266
26614,SERVICIU DE MASA DIN OPAL (ARCOPAL LUMINARC) - 19 PIESE,2,266
26704,PERIE PENTRU HAINE,2,267
26707,OGLINDA DE BAIE MARIME MEDIE (GROSIME 3 MM),2,267
26708,CHIBRITURI (CUTIE CU 50 BETE),2,267
26710,TAPET SUPERLAVABIL (LATIME 050-053 M),2,267
26712,SERVETELE DE MASA,2,267
26713,HIRTIE IGIENICA SIMPLA,2,267
26715,BIDINEA DIN PAR ARTIFICIAL,2,267
26716,PENSULA LATA DIN PARTURAL PENTRU VOPSIT TOCARIE 3 TOLI,2,267
26718,POMPA DE UZ CASNIC PENTRU DESFUNDAT CHIUVETA,2,267
26719,PERIE PENTRU WC CU SUPORT DIN PLASTIC,2,267
26720,SCOBITORI IN CUTIE PLASTIC,2,267
26721,CINTAR DE BAIE,2,267
26722,MASA DE CALCAT RUFE,2,267
26723,USCATOR DE RUFE TIP MASA,2,267
26724,FOLIE DE ALUMINIU (30 M),2,267
26725,TRAFALET PENTRU VOPSIT DIMENSIUNE MEDIE,2,267
26726,FOLIE ALIMENTARA TRANSPARENTA (20 M),2,267
26727,PROSOAPE DE HIRTIE (2 ROLE 2 STRATURI,2,267
26728,HARTIE PENTRU COPT (8 M*38 CM),2,267
26801,VOPSEA DE ULEI (CUTIE DE 075-10 L),2,268
26805,"VOPSEA ""EMAUR"" ALB 10-13 (CUTIE DE 075-10 L)",2,268
26808,"VOPSEA ""EMAUR"" ROSU (CUTIE DE 075-10 L)",2,268
26809,LACURI 1/1 (CUTIE DE 075 L),2,268
26811,GRUND ANTICOROZIV 1/1 (CUTIE DE 075 L),2,268
26813,PALUX L 6209 (BIDON DE PLASTIC DE 45 KG INCLUSIV DILUANT),2,268
26815,"VOPSEA LAVABILA PENTRU INTERIOR ""SPOR"" (GALEATA PLASTIC DE 4 L)",2,268
26816,EMAIL ALCHIDIC PE BAZA DE RASINA (CUTIE DE 075-10 L),2,268
26817,PIGMENT PENTRU VOPSEA LAVABILA (FLACON DE 70-100 ML),2,268
26818,"VOPSEA PENTRU EXTERIOR PE BAZA DE ACRIL REZISTENTA LA APA (""KOBER""""SPOR""",2,268
26901,CHIT PENTRU GEAM,2,269
26902,ARACET (BIDON DE 1 KG),2,269
26911,ANTIGEL (CONCENTRAT),2,269
26912,APA DISTILATA (STICLA DE 1 L),2,269
26913,ALCOOL SANITAR (STICLA DE 500 ML),2,269
26917,ANTIFON,2,269
26918,INSECTICID GINDACI (150-300 G),2,269
26919,SOLUTIE PENTRU CURATAT ARA- GAZUL (BIDON PLASTIC DE 350- 380 ML) - INDIGEN,2,269
26920,CLOR,2,269
26921,DILUANT 506 (STICLA PLASTIC DE 1000 ML),2,269
26922,"INALBITOR PENTRU RUFE ""ACE"" (BIDON PLASTIC DE 1000 ML)",2,269
26923,"DEODORANT WC INCL. SUPORTUL - ""PEAK"" - BUCATA",2,269
26924,"SOLUTIE PENTRU CURATAT GEAMURI ""AJAX"" ""RIVEX"" (RECIPIENT PLASTIC DE 500 ML)",2,269
26925,"CREMA DE CURATAT ""CIF"" (FLACON PLASTIC DE 500 ML)",2,269
26926,"CREMA INCALTAMINTE LICHIDA CU BURETE (""BRIGHT"" ""KIWI"") (TUB PLASTIC DE 75 ML)",2,269
26927,"SPRAY PENTRU CURATAT MOBILA ""PRONTO CLASSIC"" (FLACON DE 300 ML)",2,269
26928,"SOLUTIE PENTRU CURATAT COVOARE SI CARPETE ""BIO CARPET"" (FLACON PLASTIC DE 500-",2,269
26929,"SOLUTIE PENTRU CURATAT ""DOMESTOS"" (FLACON PLASTIC DE 500 - 750 ML)",2,269
26930,"BALSAM PENTRU RUFE (""LENOR"" ""COCCOLINO"") (RECIPIENT PLASTIC DE 500-1000 ML)",2,269
26931,"SOLUTIE PENTRU LIPIT TIP ""PICATURA"" (TUB 3 ML)",2,269
26932,"SOLUTIE PENTRU SCOS PETE ""VANISH"" - BIDON PLASTIC 1000 ML",2,269
26933,BURETE CU SILICON PENTRU INCALTAMINTE,2,269
26934,SILICON (300 ML),2,269
26935,"SOLUTIE ANTIMUCEGAI ""SAVO"" (500 ML)",2,269
26936,"SOLUTIE PENTRU CURATAT ""CILLIT BANG"" (750 ML)",2,269
26937,"DETERGENT LICHID PENTRU PARDOSELI ""Mr. PROPER"" (RECIPIENT 1 L)",2,269
26938,LUMANARI PASTILA NEPARFUMATE (PACHET 30 PASTILE),2,269
27001,ABECEDAR,2,270
27002,MATEMATICA - CLASA I,2,270
27012,CHIMIE - CLASA XII,2,270
27013,GEOGRAFIE - CLASA XII,2,270
27014,CULEGERE DE EXERCITII SI PRO- BLEME DE MATEMATICA - CLASELE I-IV,2,270
27019,LIMBA ROMANA - CLASA X,2,270
27022,LIMBA ENGLEZA - CLASA XII,2,270
27023,TESTE LIMBA SI LITERATURA ROMANA - EVALUARETIONALA,2,270
27026,TESTE DE MATEMATICA - EVALUARETIONALA,2,270
27027,TESTE DE LIMBA SI LITERATURA ROMANA - BACALAUREAT,2,270
27028,ECONOMIE - CLASA XI,2,270
27029,ISTORIA ROMANILOR - CLASA XII,2,270
27030,ADMITEREA IN FACULTATE - TESTE DE LIMBA ROMANA,2,270
27032,INFORMATICA - CLASA IX,2,270
27033,FIZICA - CLASA X,2,270
27034,MATEMATICA - CLASA XII,2,270
27035,LIMBA SI LITERATURA ROMANA - CLASA XII,2,270
27036,SINTEZE SI TESTE DE ISTORIE PENTRU BACALAUREAT,2,270
27037,SINTEZE SI TESTE DE GEOGRAFIE PENTRU BACALAUREAT,2,270
27114,"GHID DE CONVERSATIE IN LIMBI STRAINE SERIA ""GHIDUL DE CONVERSATIE"" (ED. ""TEORA"")",2,271
27118,"PROZA COLECTIILE ""COMANDO"" ""NAUTILIUS""(EDITURA ""NEMIRA"") FORMAT 13/20 CM",2,271
27119,"PROZA FILOZOFICA NOICA CIORAN TUTEA (ED.""HUMANITAS"") FORMAT 13/20 CM",2,271
27120,"PROZA COLECTIA ""BESTSELLER- URILE ULTIMULUI DECENIU"" (EDITURA ""LIDER"") FORMAT",2,271
27121,"MANUALE PENTRU CALCULATOARE PERSONALE (EDITURA ""TEORA"") FORMAT 16/235 CM",2,271
27122,"CARTE PENTRU COPII COLECTIA ""BASME""",2,271
27123,"CARTE PENTRU COPII COLECTIA ""POVESTI ILUSTRATE""",2,271
27124,"DICTIONAR LIMBI STRAINE 15000 CUVINTE (EDITURA ""TEORA"")",2,271
27125,DICTIONAR LIMBI STRAINE 32000-38000 CUVINTE,2,271
27126,"BELETRISTICA (ED. ""HUMANITAS"") FORMAT 11/18 CM",2,271
27127,"BELETRISTICA (EDITURA ""RAO"") FORMAT 13/20 CM",2,271
27128,"BELETRISTICA (COLECTIA ""BIBLIOTECA POLIROM"") FORMAT 106/18 CM",2,271
27129,"CARTE PENTRU COPII BESTSELLER HARRY POTTER (ED. ""EGMONT"") FORMAT 13/20 CM",2,271
27207,COTIDIAN LOCAL,2,272
27301,CAIET MATEMATICA SI DICTANDO (48 FILE),2,273
27302,CAIET MATEMATICA SI DICTANDO (80-100 FILE),2,273
27304,CAIET INCEPATORI (TIP I SI II),2,273
27306,CAIET DESEN (MIC),2,273
27307,CAIET BIOLOGIE (MIC),2,273
27309,CAIET MUZICA,2,273
27310,CAIET STUDENTESC (80-100 FILE),2,273
27311,BLOC DESEN (MIC),2,273
27312,BLOC DESEN (MARE),2,273
27315,MARKER (SET 4-6 CULORI),2,273
27318,STILOU,2,273
27319,PIX PLASTIC CU MINA,2,273
27323,CREIOANE COLORATE (12 CULORI),2,273
27325,PLASTILINA (6 CULORI),2,273
27326,LINIE DIN PLASTIC (30 CM),2,273
27328,GUMA DE STERS,2,273
27331,COLI XEROX (FORMAT A4) (500 BUCATI),2,273
27332,CARIOCA (6 CULORI) CU VIRF SUBTIRE,2,273
27334,GHIOZDANE DIN FIS TIP SAC,2,273
27335,"CREION ""HB""",2,273
27336,ACUARELE 12 CULORI,2,273
27337,"CERNEALA SPECIALA ""HERO"" ""PELIKAN""",2,273
27338,SAC SCOLAR DE SPATE PENTRU COPII,2,273
27339,PENAR P.V.C.,2,273
27340,PATROANE PENTRU STILOU (6 BUCATI),2,273
27401,CARTE POSTALA ILUSTRATA,2,274
27402,PLICURI,2,274
27405,CAPSATOR MIC - IMPORT,2,274
27409,DOSAR CU SINA,2,274
27410,ACE CU GAMALIE (CUTIE 20-50 G),2,274
27411,AGRAFE (CUTIE 100 BUCATI),2,274
27412,FOLIE PROTECTIE DIN PLASTIC A4 CU PERFORATII PENTRU INDOSARIERE (100 BUCATI/SET),2,274
27511,RADIO AUTO CU CD,2,275
27513,RADIO CU CD PORTABIL REDARE CD CD-RW MP3,2,275
27514,SISTEM AUDIO REDARE WMA CD CD-RW MP3,2,275
27515,PORTABIL MP4 PLAYER CU RADIO (MEMORIE 4 GB),2,275
27608,D.V.D. PLAYER,2,276
27613,TELEVIZOR COLOR LED CU DIAGONALA DE 56 CM (22 INCH),2,276
27614,TELEVIZOR COLOR  LED DIAGONALA DE 81 CM (32 INCH) (SAMSUNG PHILIPS SONY LG),2,276
27615,TELEVIZOR SMART LED FULL HD DIAGONALA DE 102 CM (40 INCH) (SAMSUNG SONY LG),2,276
27701,VIOARA,2,277
27702,CHITARA CLASICA,2,277
27816,COMPACT DISC INREGISTRAT,2,278
27817,D.V.D. INREGISTRAT CU FILME,2,278
27818,D.V.D. INREGISTRAT CU MUZICA,2,278
27819,SISTEM HOME CINEMA 5.1 (SAMSUNG PHILIPS SONY LG),2,278
27905,MUFA PENTRU ANTENA,2,279
27910,BOXA 80 W 8 OHM FRECV.40- 20000 HZ,2,279
27911,ADAPTOR UNIVERSAL 1000 MA 3-12 W,2,279
27912,CASTI CU MICROFON MUFA CONECTARE USB LUNGIME CABLU 1.8 M VOLUM DE CONTROL,2,279
28001,CORT TURISTIC DIN FIS PENTRU 2 PERSOANE,2,280
28002,CORT TURISTIC DIN FIS SI PINZA PENTRU 4 PERSOANE,2,280
28003,SAC DE DORMIT DIN FIS SI PINZA PENTRU ADULTI TIP CLASIC,2,280
28004,MASA PLIANTA DIN PLACAJ MELA- MINAT CU SCHELET METALIC PENTRU VOIAJ,2,280
28005,SCAUN PLIANT DIN PINZA PEN- TRU ADULTI,2,280
28009,RUCSAC DIN FIS CAPACITATE 36-40 L,2,280
28012,MINGE DE TENIS DE CIMP - IMPORT,2,280
28014,RACHETE DE BADMINTON,2,280
28016,TERMOS PENTRU LICHIDE (1 L),2,280
28019,CARUCIOR PENTRU COPII CU SCHELET METALIC ROTI MICI DIN PLASTIC ACOPERIT CU FIS,2,280
28020,TROLER DIN MATERIAL TEXTIL (56-61 CM),2,280
28021,ROLE - MARIME AJUSTABILA (34-38),2,280
28022,SCAUN AUTO PENTRU COPII PINA LA 3 ANI,2,280
28023,CARUCIOR DE PIATA CU ROTI CADRU METALIC DIN MATERIAL TEXTIL,2,280
28024,CASCA PROTECTIE BICICLETA PENTRU ADULTI,2,280
28025,MANUSI PROTECTIE BICICLETA PENTRU ADULTI,2,280
28026,LADA FRIGORIFICA PORTABILA CU PASTILE (24 L),2,280
28108,APARAT FOTO DIGITAL REZOLUTIE 16-20 MP ZOOM OPTIC 5X,2,281
28109,CAMERA VIDEO DIGITALA ZOOM OPTIC 25-50X,2,281
28110,CARD MEMORIE FOTO - SDHC 16 GB,2,281
28202,CALCULATOR DE BUZUNAR CU 6 OPERATII (ADUNARE SCADERE INMULTIRE IMPARTIRE RADICAL,2,282
28204,TELEFON FIX CU TASTATURA SI RELUARE AUTOMATA A ULTIMULUI NUMAR,2,282
28205,TELEFON MOBIL MENIU SIMPLU,2,282
28206,COMPACT DISC RECORDABLE (INSCRIPTIBIL) - CD-R CAPACITATE 700 MB (80 MINUTE),2,282
28207,COMPACT DISC REWRITEABLE (REINSCRIPTIBIL) - CD-RW CAPACITATE 700 MB (80 MINUTE),2,282
28208,COMPACT DISC RECORDABLE (INSCRIPTIBIL) TIP DVD-R CAPACITATE 47 GB (120 MIN.),2,282
28209,"SISTEM DEVIGATIE GPS TOUCHSCREEN 5 INCH HARTA EUROPA USB (""MIO""""EVOLIO"")",2,282
28210,TELEFON MOBIL TIP SMARTPHONE ANDROID CAMERA FOTO PRINCIPALA 8-12 MP DISPLAY,2,282
33023,PLACA DE BAZA,2,282
33042,CARCASA - ATX,2,282
33058,IMPRIMANTA DESKJET HP,2,282
33061,IMPRIMANTA LASERJET HP,2,282
33072,MOUSE PAD - DIFERITE IMAGINI,2,282
33074,TASTATURA CU FIR,2,282
33085,BOXE,2,282
33101,MEMORIE RAM TIP DDR2 CAPACITATE 2 GB,2,282
33111,TV TUNER,2,282
33113,PROCESOR AMD (ATHLON) FRECVENTA 64X2 38 GHZ 2048 KB,2,282
33115,PROCESOR INTEL CORE-TIP I5 FRECVENTA 25 - 35 GHZ,2,282
33116,COOLER PENTRU PROCESOR,2,282
33117,SURSA DE ALIMENTARE (450 W - 500 W),2,282
33120,LICENTA MICROSOFT OFFICE,2,282
33127,"MONITOR (19"") LCD (TFT) (Tehnology for Flat TVs)",2,282
33129,LICENTA MICROSOFT WINDOWS 10,2,282
33130,MOUSE OPTIC CU FIR,2,282
33131,UNITATE DVD-WRITER,2,282
33132,CAMERA WEB,2,282
33133,USB STICK (8 GB),2,282
33134,"LICENTA ANTIVIRUS ""NOD32""",2,282
33136,HARD DISK-HDD CAPACITATE 500 GB,2,282
33139,LICENTA MICROSOFT WINDOWS 10,2,282
33140,MOUSE FARA FIR (WIRELESS),2,282
33141,TASTATURA FARA FIR (WIRELESS),2,282
33142,ROUTER WIRELESS,2,282
33143,"MONITOR (215""-23"") LED",2,282
33144,LICENTA BITDEFENDER 2016 ANTIVIRUS,2,282
33145,"TABLETA DUAL CORE DIAGONALA 7"" CAPACITATE HARD DISK 8 GB FARA 3G",2,282
33146,PLACA VIDEO 1024 MB,2,282
33147,LAPTOP INTEL CORE I3 17 GHZ 4 GB 500 GB CU SISTEM DE OPERARE,2,282
33148,HARD DISK-HDD CAPACITATE 1 TB,2,282
33149,CITITOR DE CARDURI UNIVERSAL USB 2.0,2,282
33150,EBOOK READER (8 GB) - 6 INCH DIAG.,2,282
28301,"JOC ""SAH"" SI ""TABLE""",2,283
28302,CARTI DE JOC,2,283
28306,"JOC ""LEGO"" (CCA. 50 PIESE)",2,283
28307,"JOC ""PUZZLE"" CU BASME (CCA. 100 PIESE)",2,283
28308,ALFABETAR MAGNETIC,2,283
28311,PAPUSA TIP BEBE DIN MATERIAL PLASTIC SI TEXTIL (CCA. 50 CM),2,283
28313,"PAPUSA TIP ""CINDY"" ""BARBIE"" (CCA. 30 CM)",2,283
28320,MINGE DIN PLASTIC,2,283
28322,TRICICLETA PENTRU COPII,2,283
28323,"JOC ""REMY"" PIESE DIM MATERIAL PLASTIC",2,283
28324,FORME DE NISIP CU GALETUSA (SET),2,283
28325,URSULET DE PLUS (CIRCA 50-60 CM),2,283
28326,JOCURI PC PENTRU COPII (6-10 ANI),2,283
28327,"JOC PC ""FIFA"" (17PC 18PC)",2,283
28328,"JOC ""ACTIVITY 2"" PENTRU VARSTA 12+",2,283
28329,CONSOLA PLAYSTATION 4 - 500 GB SLIM MEMORIE RAM 8 GB,2,283
28330,"JOC CONSOLA GTA ""V"" PENTRU 18 ANI+",2,283
28404,CEAS ELECTRONIC PENTRU BARBATI,2,284
28405,CEAS ELECTRONIC PENTRU FEMEI,2,284
28406,CEAS DESTEPTATOR ELECTRONIC CU BATERIE,2,284
28501,VERIGHETE DIN AUR (2-4 G 14 K),2,285
28502,LANTISOR DIN AUR (5 G 14 K),2,285
28503,BRATARA ARGINT MODEL SIMPLU (5-7 G),2,285
28707,"AUTOTURISM ""VOLKSWAGEN GOLF"" TRENDLINE 10 TSI 110 CP MANUALA 6 TREPTE STANDARD",2,287
28709,"AUTOTURISM ""DACIA LOGAN"" ACCES 1.0 12V 75CP STANDARD PE BENZINA",2,287
28712,"AUTOTURISM ""OPEL ASTRA"" ENJOY B 1.4 XE 100 CP MT-5 STANDARD PE BENZINA",2,287
28714,"AUTOTURISM ""DACIA LOGAN"" LAUREATE 1.5 dCi 75 CP MANUALA 5+1 STANDARD PE",2,287
28715,"AUTOTURISM ""DACIA SANDERO"" AMBIANCE 1.0 12V 75 CP MANUALA 5+1 STANDARD PE",2,287
28717,"AUTOTURISM ""VOLKSWAGEN POLO"" COMFORTLINE 10 TSI 95 CP 4 usi MANUALA 5 TREPTE",2,287
28719,"AUTOTURISM ""FORD F0CUS"" TREND 1.0 ECOBOOST 125 CP START STOP-M6 4 USI STANDARD PE",2,287
28720,"AUTOTURISM ""OPEL CORSA"" SELECTION B 1.4 XEL 90 CP MT-5 STANDARD PE BENZINA",2,287
28722,"AUTOTURISM ""DACIA DUSTER"" AMBIANCE 1.5 dCi 109 CP 4*2 E6 STANDARD PE MOTORINA",2,287
28723,"AUTOTURISM ""DACIA LOGAN"" AMBIANCE 09 TCe 90 CP MANUALA 5+1 STANDARD PE",2,287
28724,"AUTOTURISM ""RENAULT CLIO"" LIFE 12 16 V 75 CP STANDARD PE BENZINA",2,287
28726,"AUTOTURISM ""FORD FIESTA"" TREND 1.1 85 CP-M5 5 USI STANDARD PE BENZINA",2,287
28727,"AUTOTURISM ""SKODA RAPID"" AVANTAJ 1.0 TSI 95 CP MANUALA 5 TREPTE STANDARD",2,287
28730,"AUTOTURISM ""HYUNDAI"" i20 COMFORT 1.25 5DR 84 CP MANUAL STANDARD PE BENZINA",2,287
28732,"AUTOTURISM ""SKODA OCTAVIA"" AMBITION 1.4 TSI 150 CP MANUALA 6 TREPTE STANDARD",2,287
28733,"AUTOTURISM ""RENAULT MEGANE"" LIFE SCe 115 CP MANUALA STANDARD PE BENZINA",2,287
28801,"AUTOTURISM SH ""VOLKSWAGEN GOLF"" PE MOTORINA 3 ANI VECHIME",2,287
28802,"AUTOTURISM SH ""AUDI A4"" PE MOTORINA 3 ANI VECHIME",2,287
28804,"AUTOTURISM SH ""OPEL ASTRA"" PE MOTORINA 3 ANI VECHIME",2,287
28805,"AUTOTURISM SH ""FORD FOCUS"" PE MOTORINA 3 ANI VECHIME",2,287
28806,"AUTOTURISM SH ""BMW"" SERIA 5 520D PE MOTORINA 3 ANI VECHIME CCA 100000 KM",2,287
28810,MOTOCICLETA 600 CMC 100 CP,2,288
28811,MOTOSCUTER 124 CMC 15 CP,2,288
28901,BICICLETA DE ORAS PENTRU BARBATI,2,289
28905,BICICLETA PENTRU COPII,2,289
28906,BICICLETA DE ORAS PENTRU FEMEI,2,289
28908,BICICLETA MOUNTAIN BIKE (DHS VELORS FIRST BIKE),2,289
29002,BATERIE AUTO 12 V 60 Ah,2,290
29004,"BOBINA INDUCTIE ""LOGAN""",2,290
29007,BUJIE,2,290
29008,"RADIATOR RACIRE ""LOGAN""",2,290
29010,"FAR ""LOGAN""",2,290
29011,"ANVELOPA AUTO ""LOGAN"" (KORMORAN 185/65 r15)",2,290
29015,"SEGMENTI ""LOGAN""",2,290
29019,"POMPA BENZINA ""LOGAN""",2,290
29020,"PLANETARA ""LOGAN""",2,290
29021,"PLACUTE FRINA ""LOGAN"" (SET 4 BUCATI)",2,290
29025,"TOBA ESAPAMENT ""LOGAN""",2,290
29026,"SEMNALIZATOR SPATE ""LOGAN""",2,290
29028,"PIVOT ""LOGAN""",2,290
29030,"FILTRU DE ULEI ""LOGAN""",2,290
29032,"FILTRU DE AER ""LOGAN""",2,290
29033,"DISC DE FRINA ""LOGAN""",2,290
29042,INJECTOR BENZINA/DIESEL,2,290
29044,"FILTRU MOTORINA ""LOGAN""",2,290
29045,"AMORTIZOR ""LOGAN"" FATA",2,290
29046,"AMORTIZOR ""LOGAN"" SPATE",2,290
29047,"KIT DISTRIBUTIE ""LOGAN"" (CUREA + ROLA INTINZATOARE)",2,290
29048,"POMPA DE APA ""LOGAN""",2,290
29049,"BIELETA ANTIRULIU ""LOGAN""",2,290
29051,"FILTRU POLEN ""LOGAN""",2,290
29052,SET HUSE AUTO,2,290
29053,COVORASE AUTO 4 PIESE PVC,2,290
29054,"KIT AMBREIAJ ""LOGAN"" (PLACA PRESIUNE+DISC AMBREIAJ)",2,290
29055,BOBINA INDUCTIE PENTRU MASINI IMPORT (VOLKSWAGEN OPEL),2,290
29056,KIT AMBREIAJ PENTRU MASINI IMPORT (VOLKSWAGEN OPEL),2,290
29057,PLACA DE PRESIUNE (VOLANTA) PENTRU MASINI IMPORT (VOLKSWAGEN OPEL),2,290
29058,AMORTIZOR FATA PENTRU MASINI IMPORT (VOLKSWAGEN OPEL),2,290
29059,PLANETARA PENTRU MASINI IMPORT (VOLKSWAGEN OPEL),2,290
29060,DISCURI FRINA PENTRU MASINI IMPORT (VOLKSWAGEN OPEL),2,290
29061,KIT DISTRIBUTIE PENTRU MASINI IMPORT (VOLKSWAGEN OPEL),2,290
29062,POMPA APA PENTRU MASINI IMPORT (VOLKSWAGEN OPEL),2,290
29063,ANVELOPA AUTO 205/55/R16 PENTRU MASINI IMPORT (VOLKSWAGEN OPEL),2,290
29064,PLACUTE FRINA PENTRU MASINI IMPORT (VOLKSWAGEN OPEL),2,290
29065,ARCURI ELICOIDALE PENTRU MASINI IMPORT (VOLKSWAGEN OPEL),2,290
29066,COMPRESOR AUTO 12 V,2,290
29102,ANVELOPA BICICLETA 28*1/2,2,291
29103,CAMERA BICICLETA 28*1/2,2,291
29202,LOTIUNE DUPA RAS (STICLA DE 100-150 ML),2,292
29205,"LAPTE DEMACHIANT ""DOINA"" (200 ML)",2,292
29211,"CREMA DE RAS ""PALMOLIVE"" (TUB DE 65-100 G)",2,292
29212,RUJ,2,292
29214,PUDRA COMPACTA IN PUDRIERA DE MATERIAL PLASTIC CU OGLINDA SI PUF,2,292
29215,TRUSA FARD (4 CULORI),2,292
29217,VOPSEA PAR (50 G) - INDIGENA,2,292
29222,LAC PENTRU UNGHII,2,292
29223,PASTA DE UNGHII,2,292
29224,FIXATIV (SPRAY) - (FLACON DE 125-250 ML),2,292
29229,"DEODORANT ""REXONA"" (SPRAY)",2,292
29230,"DEODORANT ""FA"" (SPRAY)",2,292
29237,"CREMA DE MIINI ""FARMEC"" (TUB DE 150 ML)",2,292
29239,"SAMPON ""HEAD&SHOULDERS"" PENTRU PAR NORMAL (200 ML)",2,292
29241,"DEODORANT SOLID ""MENNEN SPEED STICK"" (50-60 G)",2,292
29243,VOPSEA PAR (50 G) - IMPORT,2,292
29244,"SPUMA RAS ""GILLETTE"" (SPRAY) (200-250 ML)",2,292
29246,"SAMPON PENTRU COPII ""JOHNSON BABY"" (200-500 ML)",2,292
29247,"CREMA ""NIVEA"" (CUTIE METALICA ALBASTRA DE 75-150 ML)",2,292
29248,"DEODORANT SOLID ""LADY SPEED STICK"" (45 G)",2,292
29249,"APA DE COLONIE PENTRU FEMEI (""PRET A PORTER"" ""CHANSON"") (50 ML)",2,292
29250,"GEL DUS ""NIVEA"" (200-250 ML)",2,292
29251,"SAMPON/BALSAM ""DOVE"" (200-250 ML)",2,292
29252,"SAMPON ""WASH & GO"" (200-250 ML)",2,292
29253,"CREMA HIDRATANTA (""FARMEC"" ""ELMIPLANT"") - 50 ML",2,292
29254,"LAPTE DE CORP (""NIVEA BODY"" ""DOVE"") - 250 ML",2,292
29255,LUCIU DE BUZE (8-10 G),2,292
29256,SPUMA DE PAR (200 ML),2,292
29257,"DEODORANT ""NIVEA"" ROLL-ON (50 ML)",2,292
29258,RIMEL VOLUM SI ALUNGIRE (L'OREAL),2,292
29259,"CREMA DEPILATOARE ""FARMEC""",2,292
29305,"PASTA DE DINTI ""COLGATE"" (TUB DE 50-100 ML)",2,293
29306,PERIE DE DINTI,2,293
29307,PIEPTAN DIN PLASTIC,2,293
29308,FORFECUTA PENTRU UNGHII,2,293
29311,"LAME DE RAS ""GILLETTE"" (5 BUC.)",2,293
29312,SET APARATE DE RAS DIN PLASTIC LAME DUBLE (5 BUC.),2,293
29313,"PASTA DE DINTI ""AQUA FRESH"" 3 CULORI (50-100 ML)",2,293
29315,"APARAT RAS ""GILLETTE FUSION""",2,293
29316,"APA DE GURA ""COLGATE"" (FLACON 250 ML)",2,293
29317,PERIUTA DE DINTI ELECTRICA (7600 OSCILATII/MINUT),2,293
29318,"PASTA DE DINTI ""SENSODYNE"" (50-100 ML)",2,293
29401,"DIPIRIDAMOL (25 MG) ""ZENTIVA""",2,294
29402,"EXTRAVERAL ""ZENTIVA""",2,294
29403,"NIFEDIPIN RETARD (20 MG) ""TERAPIA""",2,294
29406,"PIRACETAM (400 MG) ""ARENA""",2,294
29410,"DISTONOCALM - TABLETE ""ZENTIVA""",2,294
29412,"OXACILINA (250 MG) ""ANTIBIOTICE""",2,294
29413,"ERITROMICINA (200 MG) ""ANTIBIOTICE""",2,294
29414,"DOXICICLINA (100 MG) ""ANTIBIOTICE""",2,294
29415,"AMPICILINA (500 MG) ""ANTIBIOTICE""",2,294
29416,"TAGREMIN (400 MG/80 MG) ""ZENTIVA""",2,294
29417,"PENICILINA G POTASICA-1000000U ""ANTIBIOTICE""",2,294
29419,"ANTINEVRALGIC P ""ZENTIVA""",2,294
29421,"PARACETAMOL SUPOZIT. (125 MG) ""ANTIBIOTICE""",2,294
29424,"ASPIRINA - (500 MG) ""ZENTIVA""",2,294
29425,"PARACETAMOL (500 MG) ""ZENTIVA""",2,294
29426,"SIROP DE PATLAGINA (100 ML) ""BIOPHARM""",2,294
29431,"BROMHEXIN (8 MG) ""ARENA""",2,294
29437,"SCOBUTIL (10 MG) ""TAKEDA""",2,294
29438,"DICARBOCALM ""ZENTIVA""",2,294
29440,"SAPROSAN (100 MG) ""SINTOFARM""",2,294
29441,"FURAZOLIDONA FORTE (100 MG) ""ARENA""",2,294
29442,"COLEBIL ""BIOPHARM""",2,294
29443,"SUPOZ. GLICERINA PT. ADULTI ""ANTIBIOTICE""",2,294
29449,"VITAMINA B1 - SOLUTIE I ""ZENTIVA""",2,294
29450,"VITAMINA B6 (250 MG) ""ZENTIVA""",2,294
29457,ROMPLAST CU RIVANOL,2,294
29465,"VITAMINA C (180 MG) ""ANTIBIOTICE""",2,294
29467,CEAI DE MUSETEL (CUTIE CU 20-25 PLICULETE),2,294
29468,CEAI DE MENTA (CUTIE CU 20-25 PLICULETE),2,294
29469,CEAI ANTICOLITIC (50-60 G),2,294
29470,CEAI DE SUNATOARE (CUTIE CU 20-25 PLICULETE),2,294
29471,"ALGOCALMIN - SOLUTIE INJECT. ""ZENTIVA""",2,294
29473,"BIXTONIM-SOLUTIE ""BIOPHARM""",2,294
29474,"TERTENSIF SR (1.5 MG) ""LAB. SERVIER""",2,294
29475,"CAPTOPRIL (25 MG) ""TERAPIA""",2,294
29476,"PROPRANOLOL (40 MG) ""ARENA""",2,294
29477,"DILTIAZEM (60 MG) ""LABORMED""",2,294
29478,"DIGOXIN (0.25 MG) ""ZENTIVA""",2,294
29479,"METOCLOPRAMID (10 MG) ""TERAPIA""",2,294
29480,"FUROSEMID (40 MG) ""LABORMED""",2,294
29482,"EUROVITA - MULTIVITAMINE ""EUROPHARM""",2,294
32010,"AMOXICILINA FORTE (500 MG) ""FARMEX""",2,294
32012,"AUGMENTIN (1 G) ""SMITHKLINE BEECHAM""",2,294
32014,"CORDARONE (200 MG) ""SANOFI WINTHORO""",2,294
32016,"CLARITINE-SIROP (1MG/ML)-120ML ""SCHERING PLOUGH""",2,294
32017,"DIAZEPAM (10 MG) ""TERAPIA""",2,294
32018,"DICLOFENAC (50 MG) ""TERAPIA""",2,294
32019,"ENAP (10 MG) ""KRKA D.D.""",2,294
32020,"FENOBARBITAL (100 MG) ""ZENTIVA""",2,294
32023,"ISODINIT (20 MG) ""BALKAN PHARMA""",2,294
32024,"KETOF-SIROP-1MG/5ML-100 ML ""HEXAL""",2,294
32025,"LIPANTHYL SUPRA (160 MG) ""LAB. RECIPHARM FONTAINE""",2,294
32026,"MANINIL (3.5 MG) ""BERLIN CHEMIE""",2,294
32028,"MEGUAN (500 MG) ""GEDEON RICHTER ROMANIA""",2,294
32029,"METOPROLOL (100 MG) ""ARENA""",2,294
32030,"MIOFILIN (100 MG) ""ZENTIVA""",2,294
32031,"MOLDAMIN (1200000 UI) ""ANTIBIOTICE""",2,294
32033,"NITROPECTOR (20 MG) ""TERAPIA""",2,294
32034,"NOLICIN (400 MG) ""KRKA D.D.""",2,294
32035,"OMERAN (20 MG) ""EUROPHARM""",2,294
32036,"OSPAMOX-GRAN.SUSP.(250MG/5 ML) ""SANDOZ""",2,294
32037,"OSPEN 1000 (1000000 UI) ""SANDOZ""",2,294
32038,"OSPEXIN-GRAN.SUSP.(250MG/5 ML) ""SANDOZ""",2,294
32039,"PENICILINA G SODICA-1000000 UI ""ANTIBIOTICE""",2,294
32040,"PREDNISON (5 MG) ""SINTOFARM""",2,294
32041,"PREDUCTAL (20 MG) ""LAB. SERVIER""",2,294
32042,"RANITIDINA (150 MG) ""ANTIBIOTICE""",2,294
32045,"SERMION (30 MG) ""PHIZER-ITALIA""",2,294
32046,"SPIRONOLACTONA (25 MG) ""TERAPIA""",2,294
32047,"STUGERON (25 MG) ""TERAPIA""",2,294
32048,"TANAKAN (EGB761) (40 MG) ""IPSEN""",2,294
32049,"TRAMADOL (50 MG) ""KRKA D.D.""",2,294
32051,"XANAX (0.25 MG) ""PHIZER-ITALIA""",2,294
32052,"VENTOLIN-AEROSOL (100MCG/DOZA) ""GLAXO WELLCOME""",2,294
32055,"INDOMETACIN SUPOZIT. (50 MG) ""SINTOFARM""",2,294
32056,BEROCCA (R) CALCIU SI MAGNEZIU,2,294
32057,INDULCITOR SUCRAZIT (300-500 TABLETE),2,294
32058,NUROFEN FORTE DRAJEURI RECKITT BENCKISER HEALTHCARE INT. LTD.-MAREA BRITANIE,2,294
32059,NO-SPA CHINOIN PHARMACEUTICALS AND CHEMIC. WORKS CO.LTD.-UNGARIA,2,294
32060,"PENTOXIRETARD (400 MG) ""TERAPIA""",2,294
32061,"COLDREX (PLIC) ""GLAXOSMITHKLINE CONSUMER HEALTHCARE""-M. BRITANIE",2,294
32062,"OLYNTH-HA-010% - SPRAYZAL ""MCNEIL PRODUCTS LIMITED C/0 JOHNSON&JOHNSON""-M. BRITANIE",2,294
32063,"DETRALEX ""LES LAB.SERVIER IND."" FRANTA",2,294
32064,"CRESTOR (20 MG) ""ASTRAZENECA UK LTD"" MAREA BRITANIE",2,294
32065,"PRESTARIUM (10 MG) ""LES LABORATOIRES SERVIER"" FRANTA",2,294
32066,"KETONAL FORTE (100 MG) ""LEK PHARMACEUTICALS D.D."" SLOVENIA",2,294
32067,"PARASINUS ""EUROPHARM SA"" ROMANIA",2,294
32068,"ASPENTER (75 MG) ""TERAPIA SA"" ROMANIA",2,294
32069,"CUMINOL (500 MG) ""GEDEON RICHTER"" ROMANIA",2,294
32070,"BETALOC(R) ZOK (100 MG) ""ASTRA ZENECA AB"" SUEDIA",2,294
32071,"AERIUS (5MG) ""SP EUROPE"" BELGIA",2,294
32072,"MEDAZEPAM (10 MG) ""ARENA GROUP SA"" ROMANIA",2,294
32073,"ERDOMED (300 MG) ""CSC PHARMACEUTICALS HANDELS"" AUSTRIA",2,294
32074,"SIOFOR (1000 MG) ""BERLIN CHEMIE""",2,294
32075,"TROMBEX (75 MG) ""ZENTIVA""",2,294
32076,"CAVINTON FORTE (10 MG) ""GEDEON RICHTER""",2,294
32077,"EURESPAL SIROP (2 MG/ML) - STICLA 150 ML ""LAB. SERVIER""",2,294
32078,"FLUIMUCIL PEDIATRIC (2%) - STICLA 100 ML ""ZAMBON""",2,294
32079,"CARBAMAZEPINA (200 MG) ""TERAPIA""",2,294
29502,OCHELARI DE SOARE CU RAMA SI LENTILE DIN MATERIAL PLASTIC,2,295
29503,LENTILA PENTRU OCHELARI (DIOPTRII 0-4),2,295
29504,LENTILA PENTRU OCHELARI (DIOPTRII 425-6),2,295
29506,RAMA PENTRU OCHELARI,2,295
29605,SERINGA DE UNICA FOLOSINTA (5 ML),2,296
29606,COMPRESE STERILE,2,296
29607,FESE MARI (10*10),2,296
29608,VATA TIP BC (200 G),2,296
29609,LEUCOPLAST (ROLA MICA),2,296
29610,BATISTE DIN HIRTIE,2,296
29611,PAMPERS (0-3 LUNI),2,296
29612,"ABSORBANT ""ALWAYS""",2,296
29613,PREZERVATIV (SET 3 BUCATI),2,296
29614,TERMOMETRU PENTRU CORP DIGITAL,2,296
29615,SERVETELE UMEDE (15 BUCATI),2,296
29616,"ABSORBANT ZILNIC (20 BUCATI) (""DISCREET"" ""CAREFREE"")",2,296
29617,"TEST SARCINA - TIP STILOU (""BARZA""""HILLAM"" ""SURE CHECK""""CLEAR BLUE"")",2,296
29618,TENSIOMETRU ELECTRONIC DE BRAT,2,296
29619,APARAT DE AEROSOLI (NEBULIZATOR),2,296
29703,SAPUN DE RUFE (125-250 G),2,297
29705,SAPUN DE RUFE - SET 4 BUCATI,2,297
29804,SAPUN PENTRU COPII (75-100 G),2,298
29806,"SAPUN DE TOALETA ""PALMOLIVE"" (100 G)",2,298
29807,"SAPUN DE TOALETA ""NIVEA"" (100 G)",2,298
29810,"SAPUN LICHID ""PALMOLIVE"" (300 ML)",2,298
29812,"SAPUN DE TOALETA ""DOVE"" (100 G)",2,298
29907,"DETERGENT ""ARIEL"" PENTRU SPALARE AUTOMATA (400 G EURO- COMPACT)",2,299
29909,"DETERGENT PASTA ""AXION"" PT. SPALAT VASE (CUTIE DE 250 - 270 G)",2,299
29910,"PRAF DE CURATAT ""AJAX"" PENTRU FAIANTA GRESIE OBIECTE SANITARE (BUTELIE PLASTIC",2,299
29911,"DETERGENT LICHID UNIVERSAL ""PUR"" FARA REZERVA (BUTELIE PLASTIC DE 450 G)",2,299
29912,"DETERGENT GRANULAT ""TIDE LEMON"" PENTRU SPALARE MANUALA (400-450 G)",2,299
29913,"DETERGENT ""PERSIL GREEN POWER"" PENTRU SPALARE AUTOMATA (400 G EUROCOMPACT)",2,299
29914,"DETERGENT ""DERO SURF"" (PUNGA 2 KG EUROCOMPACT) PT. SPALARE AUTOMATA",2,299
29915,ANTICALCAR PENTRU MASINA DE SPALAT RUFE (CALGON) (500 G),2,299
29916,"DETERGENT LICHID ""PERWOLL"" PENTRU MASINA DE SPALAT RUFE (1000 ML)",2,299
29917,"DETERGENT ""ARIEL"" PERNUTE (15 BUCATI)",2,299
29918,"DETERGENT GRANULE ""PERSIL"" ""TIDE"" PENTRU MASINA DE SPALAT AUTOMATA - PUNGA 4 KG",2,299
29919,"DETERGENT VASE TABLETE ""FINISH CALGONIT"" (28 BUCATI)",2,299
30007,"TIGARI ""LM"" RED BLACK FORWARD (20 TIGARETE)",2,300
30008,"TIGARI ""WINCHESTER"" RED (20 TIGARETE)",2,300
30009,"TIGARI ""VICEROY"" RED BLUE GREY (20 TIGARETE)",2,300
30010,"TIGARI ""KENT""NOTEK HD MIX SWITCH (20 TIGARETE)",2,300
30011,"TIGARI ""MARLBORO"" FILTER PLUS GOLD RED ROUND TASTE (20 TIGARETE)",2,300
30012,"TIGARI ""VIRGINIA SLIMS"" (20 TIGARETE)",2,300
30013,TIGARI CAMEL (20 TIGARETE),2,300
30101,BRICHETA SIMPLA,2,301
30201,LEMNE DE FOC (STAS 2340-80),2,302
30202,BRICHETE DE RUMEGUS,2,302
30302,LIGNIT SORTAT (STAS 8760-70),2,303
30402,PETROL LAMPANT (COMBUSTIBIL LICHID TIP P),2,304
30403,GAZ LAMPANT (PET DE 900 ML),2,304
30503,BENZINA FARA PLUMB CO 95,2,305
30507,BENZINA FARA PLUMB CO 99,2,305
30508,BENZINA FARA PLUMB CO 100,2,305
30509,BENZINA FARA PLUMB CO 98,2,305
30604,ULEI MOTOR MINERAL MULTIGRAD SAE 20W-40,2,306
30607,ULEI MOTOR SINTETIC (CASTROL EDGE 5W30 MOBIL 5W30),2,306
30608,ULEI MOTOR SAE 15W-40 (B.P. VISCO 2000),2,306
30609,MOTORINA EURO DIESEL,2,306
30610,MOTORINA SUPER EURO DIESEL,2,306
30611,ULEI MOTOR UNIVERSAL SEMI- SINTETIC (MOL DYNAMIC MAX) 10W-40,2,306
30801,GAZE LICHEFIATE PENTRU BUTELIE CU GARDA ROSIE GALBENA ALBASTRA (12 KG) - LIVRARE,2,308
30804,G.P.L. AUTO,2,308
30902,CIMENT PENTRU CONSTRUCTII,2,309
30903,GEAMURI SIMPLE (GROSIME 3 MM),2,309
30906,FAIANTA SIMPLA - CAL. I,2,309
30907,GRESIE GLAZURATA - CAL. I,2,309
30909,IPSOS PENTRU CONSTRUCTII,2,309
30910,CUIE (LUNGIME 5 CM),2,309
30912,CHIUVETA CU PICIOR PENTRU BAIE DIN FAIANTA,2,309
30913,VAS DE WC SIMPLU,2,309
30914,VAS DE WC CU REZERVOR APA,2,309
30915,RAMA WC DIN POLIETILENA,2,309
30917,SAVONIERA SIMPLA,2,309
30918,STATIV HIRTIE IGIENICA,2,309
30922,CADA SIMPLA DIN TABLA EMAILATA,2,309
30924,CADA SIMPLA DIN FIBRA STICLA,2,309
30925,BATERIE SPALATOR CU MONO- COMANDA,2,309
30926,BATERIE CADA-DUS CU MONO- COMANDA,2,309
30927,CHIUVETA INOX PENTRU BUCATARIE (80-50 CM),2,309
30928,TAMPLARIE PVC CU GEAM TERMOPAN CU DUBLA DESCHIDERE FARA PLASA INSECTE,2,309
30929,USA METALICA,2,309
30930,CABINA DUS SIMPLA CU CADITA,2,309
30931,PARCHET LAMINAT HDF (7-8 MM GROSIME),2,309
30932,ADEZIV PENTRU MONTARE GRESIE SI FAIANTA (CERESIT CM9),2,309
30933,GLET PERETE PENTRU INTERIOR PE BAZA DE IPSOS (CERESIT CT 126),2,309
31002,SAPA (FARA COADA),2,310
31003,LOPATA (FARA COADA),2,310
31004,GREBLA OBISNUITA UN RIND DE DINTI (10-14 DINTI) (FARA COADA),2,310
31005,FOARFECA POMICOLA,2,310
31006,CIOCAN PENTRU CONSTRUCTII (DIMENSIUNE MEDIE),2,310
31009,CAZMA (FARA COADA),2,310
31101,GAROAFE,2,313
31102,CRIZANTEME,2,313
31104,TRANDAFIRI,2,313
31105,GERBERA,2,313
31106,PAMINT DE FLORI UNIVERSAL - PUNGA 5 L,2,313
31107,SEMINTE PENTRU GAZON UNIVERSAL - PUNGA 1 KG,2,313
31201,COSCIUG DIN LEMN,2,313
31202,CRUCE DIN LEMN,2,313
31301,"HRANA UMEDA PENTRU PISICI ADULTE ""WHISKAS"" (PLIC 100 G)",2,313
31302,"HRANA USCATA PENTRU PISICI ""FRISKIES"" ""DARLING""",2,313
31303,"HRANA UMEDA PENTRU CAINI ""PEDIGREE"" (PLIC 100 G)",2,313
31304,"HRANA USCATA PENTRU CAINI ""PEDIGREE"" ""FRISKIES"" ""DARLING""",2,313
43250,ENERGIE ELECTRICA FURNIZATA POPULATIEI IN REGIM CONCURENTIAL,2,314
43302,ENERGIE TERMICA LIVRATA POPULATIEI IN REGIM DE TERMOFICARE,2,315
43406,GAZ METAN DISTRIBUIT POPULATIEI TIP B1 PENTRU CONSUMATORI FINALI CU CONSUM,2,316
43408,GAZ METAN DISTRIBUIT POPULATIEI TIP B2 PENTRU CONSUMATORI FINALI CU CONSUM,2,316
43410,GAZ METAN DISTRIBUIT POPULATIEI TIP B3 PENTRU CONSUMATORI FINALI CU CONSUM,2,316
40101,CONFECTIONAT COSTUM DIN STOFA PT. BARBATI FARA VESTA LA UN RIND CU MATERIALUL CLIEN-,3,401
40102,CONFECTIONAT PALTON DIN STOFA PT. BARBATI CU MATERIALUL CLIENTULUI (STOFA SI CAPTU-,3,401
40103,CONFECTIONAT O PERECHE PANTA- LONI PT. BARBATI CU MATE- RIALUL CLIENTULUI,3,401
40201,CONFECTIONAT ROCHIE DIN STOFA MODEL SIMPLU CU MINECA LUNGA CU MATERIALUL CLIENTULUI,3,402
40202,CONFECTIONAT TAIOR DIN STOFA CU MINECA LUNGA CU MATERIA- LUL CLIENTULUI (STOFA SI CAP-,3,402
40203,CONFECTIONAT FUSTA DIN STOFA CU CAPTUSEALA CU MATERIALUL CLIENTULUI,3,402
40204,CONFECTIONAT PALTON DIN STOFA PT. FEMEI CU MATERIALUL CLI- ENTULUI (STOFA SI CAPTUSEALA),3,402
40205,CONFECTIONAT JACHETA 3/4 DIN STOFA PT. FEMEI CU MATERIA- LUL CLIENTULUI (STOFA SI,3,402
40206,CONFECTIONAT ROCHIE DIN MATASE CU MINECA SCURTA CU MATERIA- LUL CLIENTULUI,3,402
40207,CONFECTIONAT BLUZA DIN MATASE PT. FEMEI CU MINECA LUNGA CU MATERIALUL CLIENTULUI,3,402
40208,CONFECTIONAT ROCHIE DIN TESA- TURA DE BUMBAC SAU TIP BBC MODEL SIMPLU CU MINECA SCUR-,3,402
40209,CONFECTIONAT ROCHIE 2 PIESE DIN TESATURA DE BUMBAC SAU TIP BBC CU MINECA SCURTA,3,402
40214,CONFECTIONAT PANTALONI DIN STOFA PENTRU FEMEI CU MATERIALUL CLIENTULUI,3,402
40401,MODIFICAT TIV LA PALTON SAU PARDESIU DIN STOFA (INCLUSIV MATERIALUL NECESAR ACESTEI,3,404
40402,STRIMTAT SAU LARGIT O PERECHE PANTALONI (INCLUSIV MATERIA- LUL NECESAR ACESTEI OPERATII),3,404
40403,VOPSIT HAINA LUNGA DIN PIELE,3,404
40404,SCURTAT O PERECHE PANTALONI,3,404
40405,SCURTAT O ROCHIE,3,404
40501,CONFECTIONAT O PERECHE PANTOFI PENTRU BARBATI CU MATERIALUL UNITATII,3,405
40601,CONFECTIONAT O PERECHE PANTOFI DAMA CU MATERIALUL UNITATII,3,406
40801,PINGELIT O PERECHE PANTOFI DAMA CU TALPA DUROFLEX SAU TIP DUROFLEX (EXCLUSIV CAPACE,3,408
40802,PINGELIT O PERECHE PANTOFI BARBATI CU TALPA DUROFLEX SAU TIP DUROFLEX (EXCLUSIV,3,408
40803,MONTAT FLECURI NEMETALICE PT. O PERECHE PANTOFI DAMA TOC SUBTIRE CU MATERIALUL,3,408
40804,LIPIT TALPA LA UN PANTOF BAR- BATESC PE O LUNGIME DE 10 CM,3,408
40805,CUSUT FERMOAR LUNG LA CIZMA (EXCLUSIV MATERIALUL),3,408
40808,INLOCUIT TOATA TALPA LA O PERECHE DE PANTOFI BARBATESTI,3,408
40809,INLOCUIT TOC LA INCALTAMINTE,3,408
40901,DESFACUT SI INLOCUIT FERMOAR (30-50 CM) MONTAT INTRE FATA SI CAPTUSEALA LA SERVIETA,3,409
40904,REPARAT SERVIETA PRIN CUSA- TURI PE DISTANTA DE PINA LA 40 CM,3,409
41001,CONFECTIONAT VERIGHETA SIMPLA BOMBATA CIZELURA SINA LAMI-TA LATIME 25-45 MM CCA.,3,410
41002,LIPITURA PUNCT LA BIJUTERII DIN AUR,3,410
41004,REPARAT INCHIZATOR LA BIJUTERII DIN AUR (EXCLUSIV MATERIALUL),3,410
41005,CONFECTIONAT SI LIPIT ANOU LA LANTISOR DIN AUR (EXCLUSIV MATERIALUL),3,410
41007,MARIT SAU MICSORAT INEL DIN AUR PENTRU FEMEI,3,410
41008,FIXAT PIATRA IN RAFA (CASETA) LA INEL DIN AUR PENTRU FEMEI (EXCLUSIV PIATRA),3,410
41009,INLOCUIT INCHIZATOR LA BIJUTERII DIN AUR (EXCLUSIV MATERIALUL),3,410
41103,TAPITAT FOTOLIU PAT CU BRATE IMBRACATE (EXCL. MATERIALELE),3,411
41104,TAPITAT CANAPEA EXTENSIBILA DIN 2 PARTI (EXCLUSIV MATERIALELE),3,411
41111,VERIFICAT ELECTRIC SI MECANIC CURATAT UNS ASPIRATOR,3,411
41115,INLOCUIT AGREGAT FRIGIDER (EXCLUSIV VALOAREA AGREGATU- LUI),3,411
41118,INLOCUIT SUBANSAMBLU EVAPORA- TOR CU UNA SAU MAI MULTE PLACI LA CONGELATOR DE UZ,3,411
41120,INLOCUIT REZISTENTA DE INCAL- ZIRE LA MASINA DE SPALAT RUFE (EXCLUSIV MATERIALELE),3,411
41121,INLOCUIT CUREA TRAPEZOIDALA LA SISTEMUL DE SPALARE LA MASINA DE SPALAT FARA PROGRAM,3,411
41123,VERIFICAT SUBANSAMBLU ELECTRO- MOTOR DE ACTIONARE IN VEDE- REA LOCALIZARII DEFECTIUNII,3,411
41124,REPARAT MASINA DE SPALAT AUTOMATA INLOCUIREA POMPEI DE APA (INCLUSIV PIESA SI,3,411
41126,INLOCUIT SUBANSAMBLU COMPRESOR LA FRIGIDER CU TERMOSTAT: DEMONTAT DEZASAMBLAT MOTO-,3,411
41127,INLOCUIT TERMOSTAT FRIGIDER (EXCLUSIV MATERIALELE),3,411
41128,REVIZIE AER CONDITIONAT (INCLUSIV CURATARE FILTRE),3,411
41201,MONTAT 2 LENTILE LA OCHELARI PT. ADULTI PE RAMA DE ACETAT CELULOID DIOPTRII 0-4 MM,3,412
41204,INLOCUIT BRAT DIN METAL,3,412
41301,REVIZIE GENERALA FARA INLOCU- IRE DE PIESE LA CEAS DE MINA MECANIC,3,413
41303,INLOCUIT BATERIE LA CEAS ELECTRONIC SAU ELECTROMECANIC,3,413
41406,FOTOGRAFII COLOR TIP PASAPORT - 4 BUCATI PENTRU O POZITIE,3,414
41407,"DEVELOPAT FILM COLOR ""KODAK"" (24x36 MM) 36 POZITII SI EXECUTAT CITE O FOTOGRAFIE",3,414
41408,PROCESARE FOTOGRAFII DIGITALE (DIMENS. 10x15 CM),3,414
41501,"INLOCUIT POMPA APA-AUTOTURISM ""DACIA"" (EXCLUSIV PIESA)",3,415
41502,"INLOCUIT CUREA ALTERNATOR- AUTOTURISM ""DACIA"" (EXCLUSIV PIESA)",3,415
41503,"INLOCUIT GEAM PARBRIZ-AUTO- TURISM ""DACIA"" (EXCLUSIV PARBRIZUL)",3,415
41504,"INLOCUIT AMBREIAJ INCLUSIV INCERCARE SIMPLA-AUTOTURISM ""DACIA"" (EXCLUSIV PIESA)",3,415
41505,"SCHIMBARE STANDARD A MOTORULUI INCLUSIV INCERCARE SIMPLA- AUTOTURISM ""DACIA"" (EXCLUSIV",3,415
41506,"REVOPSIT ARIPA FATA-AUTOTURISM ""DACIA""",3,415
41507,"REGLAT TACHETI-AUTOTURISM ""DACIA""",3,415
41509,"REVIZIE TEHNICA ANUALA-AUTO- TURISM ""DACIA""",3,415
41510,"INLOCUIT GARNITURA ETANSARE (SIMERING PALIER FATA)-AUTO- TURISM ""DACIA"" (EXCLUSIV",3,415
41511,"GOLIT SI REUMPLUT CIRCUIT DE RACIRE-AUTOTURISM ""DACIA""",3,415
41512,"REGLAT CONTACTE PLATINATE SI AVANS-AUTOTURISM ""DACIA""",3,415
41513,"INLOCUIT PLACUTE FRINA FATA- AUTOTURISM ""DACIA"" (EXCLUSIV MATERIALELE)",3,415
41515,"COST MANOPERA PENTRU REPARATII MECANICE-AUTOTURISM ""DACIA""",3,415
41516,SPALAT AUTOTURISM OPERATIE EFECTUATA CU DISPOZITIVE DE STROPIRE SI PERIERE (INCLUSIV,3,415
41517,CURATAT INJECTOARE,3,415
41518,"SCHIMBAT POMPA BENZINA - AUTOTURISM ""DACIA""",3,415
41519,"SCHIMBAT TERMOSTAT - AUTOTURISM ""DACIA""",3,415
41520,ECHILIBRARE ROTI AUTOTURISM,3,415
41521,SCHIMB ULEI MOTOR,3,415
41522,INLOCUIRE ARCURI,3,415
41523,VERIFICARE INSTALATIE ELECTRICA,3,415
41524,SCHIMBAT PIVOTI,3,415
41525,SCHIMBARE A 4 ANVELOPE IARNA CU 4 DE VARA (PENTRU JANTA NORMALA),3,415
41526,INSTALARE ALARMA AUTO,3,415
41527,"GEOMETRIE COMPUTERIZATA 3D FATA - AUTOTURISM ""DACIA""",3,415
41528,DIAGNOZA SISTEM ABS-EBS-ESP,3,415
41609,INLOCUIT SELECTOR CANALE LA TV COLOR (EXCLUSIV PIESA),3,416
41617,REPARAT BLOC SUNET LA TV COLOR,3,416
41618,REPARAT BLOC CULOARE LA TV COLOR,3,416
41623,REPARAT SURSA ALIMENTARE IN COMUTATIE,3,416
41624,REPARAT BALEIAJ ORIZONTAL,3,416
41625,REPARAT BALEIAJ VERTICAL,3,416
41629,INSTALARE SISTEM OPERARE PC (WINDOWS 8.1 10),3,416
41630,DEVIRUSARE SISTEM PC (FARA REINSTALARE SISTEM OPERARE),3,416
41633,INSTALARE SI CONFIGURARE SUBANSAMBLU INTERN LAPTOP,3,416
41634,INLOCUIT INVERTOR TV LCD,3,416
41635,INLOCUIT DISPLAY LAPTOP,3,416
41636,CURATARE COMPLETA DE PRAF PENTRU PC,3,416
41803,CONFECTIONAT USA INTERIOARA MONTATA IN TOCURI CU 1 CANAT FARA GEAM DIN CHERESTEA DE,3,418
41804,CONFECTIONAT FEREASTRA IN 2 CANATE DUBLE (EXTERIOR-INTE- RIOR) DIN CHERESTEA DE RASI-,3,418
41805,REPARAT ACOPERIS DIN TABLA CU MATERIALUL CLIENTULUI,3,418
41806,INLOCUIT JGHEAB ROTUND DIN TABLA PENTRU ACOPERIS (EXCLUSIV MATERIALUL),3,418
41807,EXECUTAT ZIDARIE DIN CARAMIDA CU MORTAR FARA TENCUIALA (EXCLUSIV MATERIALELE),3,418
41808,EXECUTAT TENCUIALA EXTERIOARA SIMPLA LA PERETI DIN CARA- MIDA (EXCLUSIV MATERIALELE),3,418
41809,EXECUTAT TENCUIALA INTERIOARA LA PERETI DIN CARAMIDA SAU BETON (EXCLUSIV MATERIALELE),3,418
41810,ZUGRAVIT FARA ROL CU VOPSEA LAVABILA INCLUSIV SPALAT PERETI (EXCLUSIV MATERIALELE),3,418
41811,EXECUTAT PLACAJE CERAMICE (FAIANTA) EXCLUSIV MATE- RIALELE,3,418
41812,EXECUTAT PARDOSELI (PARCHET) EXCLUSIV MATERIALELE,3,418
41813,REPARAT INSTALATIA DE APA OPERATIE EFECTUATA LA DOMICI- LIU: INLOCUIREA ROBINETELOR,3,418
41814,MONTAT UN CEAS DE APA (APOMETRU) LA DOMICILIUL CLIENTULUI (INCLUSIV MATE-,3,418
41815,MONTAT CENTRALA TERMICA DE APARTAMENT,3,418
41816,MONTAT USA METALICA (INCLUSIV SPUMA POLIURETANICA),3,418
41817,MONTAT TAMPLARIE PVC CU GEAM TERMOPAN,3,418
41818,VERIFICAREA INSTALATIEI DE UTILIZARE A GAZELORTURALE (O DATA LA 2 ANI),3,418
41819,MONTAJ/INLOCUIRE PRIZA ELECTRICA,3,418
41820,REPARATIE TABLOU DE SIGURANTE,3,418
41821,MONTAJ CORPURI ILUMINAT (LAMPI APLICE NEOANE),3,418
41822,MONTAT PARCHET LAMINAT,3,418
41823,MONTAT BATERIE DE CHIUVETA (FARA TRANSPORT CU RACORDURI EXISTENTE),3,418
41824,MONTAT CHIUVETA/LAVOAR LA BAIE (FARA TRANSPORT SIFON SI PICIOR),3,418
41825,VERIFICARE TEHNICA PERIODICA LA CENTRALA TERMICA DE APARTAMENT (PUTERE MAXIMA,3,418
41826,INSTALARE/MONTARE INTERFON SCARA BLOC,3,418
41904,INCADRAT TABLOU (40x30 CM) CU RAMA INGUSTA SIMPLA FARA GEAM CU MATERIALUL UNITATII,3,419
41907,CONFECTIONAT CHEIE YALE DIN CHEIE BRUTA CU CHEIA UNITATII,3,419
41908,LEGAT VOLUM FORMAT 1/4 FARA IMPRIMARE TITLU SAU AUTOR (INCLUSIV MATERIALELE),3,419
41909,CONFECTIONAT COROANA DIN FLORITURALE (30 GAROAFE) (INCLUSIV MATERIALELE),3,419
41912,APLICAT PETIC PENTRU VULCANI- ZARE CAMERA AUTO DETERIORATA IN URMA UNEI INTEPATURI,3,419
41913,INDOSARIERE LUCRARI (PROIECTE) CU SPIRALA (100 FILE),3,419
42001,CONSULTATIE ACORDATA DE MEDICI PRIMARI IN DIVERSE SPECIALI- TATI LA SEDIUL DISPENSARULUI,3,420
42002,RADIOSCOPIE TORACO-PULMONARA (EFECTUATA DE MEDICUL RADIO- LOG PRIN VIZUALIZARE DIRECTA,3,420
42004,RADIOGRAFIE PULMONARA,3,420
42005,ECOGRAFIE ABDOMINALA,3,420
42006,ANALIZA DE LABORATOR - HEMO- LEUCOGRAMA,3,420
42007,ANALIZA DE LABORATOR - UROCUL- TURA,3,420
42008,VSH (VITEZA DE SEDIMENTARE A HEMATIILOR),3,420
42009,EKG (ELECTROCARDIOGRAMA),3,420
42011,SERVICIU GINECOLOGIC (CHIURETAJ),3,420
42013,IMPACHETARI CU PARAFINA PENTRU AFECTIUNI REUMATICE (TRATA- MENT FARA REDUCERE DE TARIF,3,420
42014,DIADINAMICE PENTRU AFECTIUNI REUMATICE (TRATAMENT FARA REDUCERE DE TARIF PROCEDURA,3,420
42015,BAI GALVANICE PENTRU AFECTIUNI REUMATICE (TRATAMENT FARA REDUCERE DE TARIF PROCEDURA,3,420
42016,AEROSOLI PENTRU AFECTIUNI RES- PIRATORII (TRATAMENT FARA REDUCERE DE TARIF PROCEDURA,3,420
42017,IONIZARI (TRATAMENT FARA REDUCERE DE TARIF PROCEDURA DE APROX. 10 MIN.),3,420
42018,ECOGRAFIE MAMARA BILATERALA,3,420
42019,ANTIBIOGRAMA (EXUDAT FARINGIAN),3,420
42020,ANALIZE DE LABORATOR - GLUCOZA SERICA (GLICEMIE),3,420
42021,ANALIZE DE LABORATOR - COLESTEROL TOTAL,3,420
42022,ANALIZE DE LABORATOR - BILIRUBINA TOTALA,3,420
42023,CONSULTATIE OFTALMOLOGICA,3,420
42024,KINETOTERAPIE - GIMNASTICA MEDICALA DE RECUPERARE (SEDINTA DE 30 MIN.),3,420
42025,EXAMINARE COMPUTER TOMOGRAF (CT) 3D - ABDOMEN (FARA SUBSTANTA DE CONTRAST),3,420
42101,RADIOGRAFIE DENTARA - DIVERSE INCIDENTE,3,421
42102,PREPARAREA SI OBTURAREA DEFI- NITIVA A CAVITATII OCLUZALE VESTIBULARE SAU VERTICALE LA,3,421
42103,EXTIRPARE VITALA DINTE PLURI- RADICULAR (INCL. ANESTEZIA),3,421
42104,TRATAMENTUL GANGRENEI PULPARE CU ANTISEPTICE (INCLUSIV OBTURATIA DE CANAL) LA PLU-,3,421
42105,EXTRACTIE PLURIRADICULAR (INCLUSIV ANESTEZIA),3,421
42106,PANSAMENT CALMANT,3,421
42107,DETARTRAJ SI PERIAJ PROFE- SIONAL PENTRU AMBELE ARCADE CU ULTRASUNETE,3,421
42108,EXTRACTIE DINTE TEMPORAR (DE LAPTE),3,421
42201,RAS BARBATI,3,422
42202,TUNS PLASTIC BARBATI - UNITATE CATEGORIA I,3,422
42203,TUNS MODERN BARBATI - UNITATE CATEGORIA I,3,422
42204,RAS CAPILAR,3,422
42301,ONDULATIE SIMPLA CU APA PT. PAR SCURT (FARA SPALAT SI TUNS) - UNITATE CATEGORIA I,3,423
42302,PERMANENT LA RECE PENTRU PAR SCURT (MONTARE BIGUDIURI PT. PERMANENT INCLUSIV SOLUTIA,3,423
42303,SPALAT PAR SCURT CU SAMPON - UNITATE CATEGORIA I,3,423
42306,TUNS MODERN FARA EXECUTAREA ALTOR OPERATII - UNITATE CATEGORIA I,3,423
42307,MANICHIURA (INCLUSIV DAT CU SIDEF SAU PASTA) - UNITATE CATEGORIA I,3,423
42308,PEDICHIURA (INCLUSIV DAT CU SIDEF SAU PASTA) - UNITATE CATEGORIA I,3,423
42310,EPILAT PICIOARE (GAMBE+COAPSE) - UNITATE CATEGORIA I,3,423
42311,TRATAMENT COSMETIC COMPLEX PENTRU INTRETINEREA FETEI - UNITATE CATEGORIA I,3,423
42312,VOPSIT PAR SCURT,3,423
42313,COAFAT CU PLACA PAR MEDIU,3,423
42314,SUVITE FOLIE (STANIOL) PENTRU PAR SCURT,3,423
42315,TRATAMENT PAR DEGRADAT PENTRU PAR SCURT,3,423
42316,MANICHIURA FRENCH,3,423
42317,PENSAT SPRINCENE (SIMPLU),3,423
42318,MASAJ ANTICELULITIC (60 MINUTE),3,423
42401,CAZAREA UNEI PERSOANE LA HOTEL CATEGORIA (**) IN CAMERA CU 2 PATURI CU BAIE TELEVIZOR,3,424
42402,CAZAREA A 2 PERSOANE LA HOTEL CATEGORIA (**) IN CAMERA CU 2 PATURI CU BAIE TELEVIZOR,3,424
42403,TARIF PENTRU O NOAPTE CAZARE HOTEL CATEGORIA (**) IN APARTAMENTCU BAIE TELEVIZOR,3,424
42405,CAZAREA A 2 PERSOANE IN VILA TURISTICA CATEGORIA (**) IN CAMERA CU 2 PATURI CU BAIE,3,424
42406,CAZAREA A 2 PERSOANE IN PENSIUNE AGROTURISTICA (INCLUSIV MIC DEJUN TV),3,424
42407,CAZAREA A 2 PERSOANE LA HOTEL CATEGORIA (***) IN CAMERA CU 2 PATURI CU BAIE,3,424
42501,VALOAREA COMISIONULUI AGENTIEI DE TURISM PENTRU EXCURSII INTERNE,3,425
42502,EXCURSIE INTERNATIONALA TURCIA SAU GRECIA TRANSPORT AUTOCAR,3,425
42503,BILET STADION - TRIBUNA I LA MECI DE FOTBAL-ETAPA (LOC NEREZERVAT),3,425
42504,BILET ADULT PENTRU STRAND - BAZIN IN AER LIBER (EXCLUSIV CABINA),3,425
42505,BILET PATINOAR,3,425
42506,EXCURSIE INTERNA ORGANIZATA DE AGENTIILE DE TURISM CU DURATA 1-3 ZILE IN ZONA,3,425
42507,EXCURSIE INTERNA ORGANIZATA DE AGENTIILE DE TURISM CU DURATA MINIMA 7 ZILE IN,3,425
42508,EXCURSIE INTERNATIONALA IN ITALIA SAU SPANIA TRANSPORT AUTOCAR,3,425
42509,PLATA CURSURILOR DE GIMNASTICA DE INTRETINERE,3,425
42510,PLATA UNEI ORE DE BILIARD,3,425
42511,EXCURSIE INTERNATIONALA IN BULGARIA TRANSPORT AUTOCAR,3,425
42512,CURSURI DE DANS PENTRU COPII (6-9 ANI INCEPATORI),3,425
42513,TARIF INTRARE LA LOC DE JOACA COPII (SAMBATA DUMINICA),3,425
42514,BILET ADULT PENTRU PISCINA ACOPERITA,3,425
42515,EXCURSIE INTERNATIONALA DE TIP CITY-BREAK (2 NOPTI) IN ITALIA TRANSPORT AERIAN,3,425
42601,BILET CINEMA - ECRAN PANORAMIC (LOC REZERVAT),3,426
42602,BILET TEATRU DRAMATIC - LOC,3,426
42603,BILET MUZEU,3,426
42604,NAVIGARE PE INTERNET IN ICAFE,3,426
42605,JOCURI IN RETEA IN ICAFE,3,426
42611,ABONAMENT LUNAR INTERNET CONEXIUNE DEDICATA - TRAFIC NELIMITAT - UTILIZARE ACASA,3,426
42612,ABONAMENT LUNAR INTERNET PRIN FIBRA OPTICA - TRAFIC NELIMITAT - UTILIZARE ACASA,3,426
42613,"BILET INTRARE CINEMA ""3D"" - LOC REZERVATIN WEEK-END DUPA ORA 17 TARIF ADULT",3,426
42701,MEDITATII MATEMATICA (PREGA- TIRE EXTRASCOLARA),3,427
42702,LECTII DE LIMBA ENGLEZA PENTRU INCEPATORI (PREGATIRE EXTRA- SCOLARA FARA OBTINERE CERTI-,3,427
42704,TAXA DE STUDII PENTRU UN STU- DENT INSCRIS IN INVATAMINTUL TEHNIC,3,427
42705,TAXA DE STUDII PENTRU UN STU- DENT INSCRIS IN INVATAMINTUL MEDICAL,3,427
42708,TAXA DE STUDII PENTRU UN STU- DENT INSCRIS IN INVATAMINTUL ECONOMIC - FACULTATI DE STAT,3,427
42709,TAXA DE STUDII PENTRU UN STU- DENT INSCRIS IN INVATAMINTUL ECONOMIC - FACULTATI PARTICU-,3,427
42710,TAXA DE STUDII PENTRU UN STU- DENT INSCRIS LA STIINTE JURI- DICE - FACULTATI DE STAT,3,427
42711,TAXA DE STUDII PENTRU UN STU- DENT INSCRIS LA STIINTE JURI- DICE - FACULTATI PARTICULARE,3,427
42712,TAXA DE STUDII PENTRU UN STU- DENT INSCRIS IN INVATAMINTUL UNIVERSITAR,3,427
42713,MEDITATII DE LIMBA ENGLEZA PENTRU GRUP DE MAXIM CINCI PERSOANE,3,427
42714,TAXA DE STUDII PENTRU UN ELEV INSCRIS LA SCOALA POSTLICEALA DE ASISTENTI MEDICALI - 3 ANI,3,427
42715,TAXA DE SCOLARIZARE LA LICEE TEORETICE PRIVATE,3,427
42716,TAXA DE STUDII PENTRU UN STU- DENT INSCRIS IN INVATAMINTUL UNIVERSITAR - FACULTATI,3,427
42801,CAZARE IN INTERNATE SCOLARE,3,428
42802,CAZARE IN CAMINE UNIVERSITARE,3,428
42901,PREGATIRE CONDUCERE AUTO (AUTOTURISM PROPRIETATEA SCOLII),3,429
43008,CHIRIE PT. O CAMERA MOBILATA - LA BLOC,3,430
43009,CHIRIE PT. O CAMERA NEMOBILATA - LA BLOC,3,430
43010,CHIRIE PT. O CAMERA MOBILATA - CASA LA CURTE,3,430
43011,CHIRIE PT. O CAMERA NEMOBILATA - CASA LA CURTE,3,430
43101,ALIMENTARE CU APA POTABILA,3,431
43102,CANALIZARE,3,431
43103,GUNOI MENAJER,3,431
43105,APA CALDA MENAJERA,3,431
43106,SERVICII DE VIDANJARE (FARA TARIF DEPLASARE),3,431
43501,TAXA PT. SERVICII DE PARCARE AUTOTURISM IN LOCURI SPECIAL AMENAJATE IN CENTRUL ORASULUI,3,435
43502,ADMINISTRARE FINANCIARA (CONTABILITATE SI INCASARI) PENTRU INTRETINERE LA BLOC,3,435
43804,PACHET BAZA (STANDARD) DE PROGRAME (TV ANALOGICA),3,438
43805,PACHET BAZA+HBO (TV ANALOGICA),3,438
43807,PACHET COMPLET DE PROGRAME INCLUSIV HBO (TV DIGITALA),3,438
43808,PACHET BAZA (STANDARD) DE PROGRAME (TV DIGITALA),3,438
43809,PACHET TELEFONIE CABLU INTERNET,3,438
43901,TRANSPORT URBAN CU AUTOBUZUL,3,439
43902,TRANSPORT URBAN CU TROLEIBUZUL,3,439
43903,TRANSPORT URBAN CU TRAMVAIUL,3,439
43905,TRANSPORT CU MAXI-TAXI,3,439
43906,ABONAMENT AUTOBUZ 1 LINIE - TARIF INTREG,3,439
43907,ABONAMENT AUTOBUZ 1 LINIE - TARIF REDUS,3,439
43908,ABONAMENT AUTOBUZ 2 LINII - TARIF INTREG,3,439
43909,ABONAMENT AUTOBUZ 2 LINII - TARIF REDUS,3,439
43910,ABONAMENT TROLEIBUZ 1 LINIE - TARIF INTREG,3,439
43911,ABONAMENT TROLEIBUZ 1 LINIE - TARIF REDUS,3,439
43912,ABONAMENT TROLEIBUZ 2 LINII - TARIF INTREG,3,439
43913,ABONAMENT TROLEIBUZ 2 LINII - TARIF REDUS,3,439
43914,ABONAMENT TRAMVAI 1 LINIE - TARIF INTREG,3,439
43915,ABONAMENT TRAMVAI 1 LINIE - TARIF REDUS,3,439
43916,ABONAMENT TRAMVAI 2 LINII - TARIF INTREG,3,439
43917,ABONAMENT TRAMVAI 2 LINII - TARIF REDUS,3,439
43918,ABONAMENT PE TOATE LINIILE - TARIF INTREG,3,439
43919,ABONAMENT PE TOATE LINIILE - TARIF REDUS,3,439
44001,ABONAMENT CURSA AUTO - TARIF INTREG PENTRU 1-5 KM,3,440
44002,ABONAMENT CURSA AUTO - TARIF INTREG PENTRU 10 KM,3,440
44003,ABONAMENT CURSA AUTO - TARIF INTREG PENTRU 15 KM,3,440
44004,ABONAMENT CURSA AUTO - TARIF INTREG PENTRU 20 KM,3,440
44005,ABONAMENT CURSA AUTO - TARIF INTREG PENTRU 25 KM,3,440
44006,ABONAMENT CURSA AUTO - TARIF INTREG PENTRU 35 KM,3,440
44007,ABONAMENT CURSA AUTO - TARIF INTREG PENTRU 45 KM,3,440
44008,ABONAMENT CURSA AUTO - TARIF INTREG PENTRU 55 KM,3,440
44009,TRANSPORT AUTO RUTIER DE CALATORI,3,440
44102,TRANSPORT CU TAXI (PARTICULAR),3,441
44503,TRANSPORT DE MARFURI CU CAMIONETA SAU AUTOVEHICULE TIP PICK-UP,3,445
44601,"MENIU PRINZ (""A LA CARTE"")",3,446
44603,CONTRAVALOARE CARTELA MASA (CANTINA PENTRU ELEVI) (3 MESE),3,446
44604,"CONTRAVALOARE MENIU ""A LA CARTE"" (CANTINA PENTRU STUDENTI)",3,446
44701,SUNCA PRESATA,3,447
44702,MUSCHI AFUMAT,3,447
44703,SALAM DE SIBIU,3,447
44704,CASCAVAL,3,447
44705,TELEMEA,3,447
44707,OMLETA SIMPLA (2 OUA),3,447
44708,OMLETA CU SUNCA,3,447
44713,"CIRNATI ""CABANOS""",3,447
44714,FICATEI DE PASARE,3,447
44717,CIORBA DE BURTA,3,447
44718,CIORBA DE PERISOARE,3,447
44719,CIORBA TARANEASCA DE VACUTA,3,447
44726,MUSCHI DE PORC CU GARNITURA,3,447
44728,MUSCHI DE VACA CU GARNITURA,3,447
44732,SALATA DE ROSII,3,447
44734,CLATITE CU DULCEATA SAU GEM,3,447
44735,CAFEATURALA,3,447
44736,NESS,3,447
44739,VODKA IMPORT,3,447
44741,"""BALLANTINE'S"" SCOTCH WHISKI 43% VOL. DISTILAT SI IMBU- TELIAT IN SCOTIA",3,447
44746,"""FETEASCA REGALA"" VIN IMBUTE- LIAT IN STICLA DE 750 ML",3,447
44748,"""CABERNET-SAUVIGNON"" VIN IMBUTELIAT IN STICLA DE 750 ML",3,447
44749,"""PINOT NOIR"" VIN IMBUTELIAT IN STICLA DE 750 ML",3,447
44750,CASCAVAL PANE,3,447
44751,SALATA ASORTATA (ROSII CASTRAVETI VARZA ARDEI),3,447
44752,SNITEL DIN CARNE DE PUI (CCA. 200 G),3,447
44753,APA MINERALATURALA (500 ML) - STICLA PLASTIC,3,447
44754,FILE SOMON LA GRATAR (150-200 G),3,447
44755,PIEPT DE PUI LA GRATAR (100-200 G),3,447
44756,SALATA DE VARZA ALBA (100-200 G),3,447
44757,MAMALIGA CU BRANZA SI SMANTANA (200-400 G),3,447
44758,PAPANASI CU SMANTANA SI DULCEATA,3,447
44802,PIZZA CU CIUPERCI SUNCA SI CASCAVAL,3,448
44803,MITITEI,3,448
44807,HOT-DOG,3,448
44808,NESS,3,448
44810,BERE LA HALBA,3,448
44811,BERE SUPERIOARA PASTEURIZATA IMBUTELIATA IN STICLA DE 500 ML PRODUS INDIGEN SAU SUB,3,448
44813,VODCA INDIGENA SAU SUB LICENTA,3,448
44814,BERE LA CUTIE DE 500 ML,3,448
44815,CIOCOLATA CALDA,3,448
44816,COCA COLA (330 ML),3,448
44817,SHAORMA SANDWICH (CCA. 300- 350 G),3,448
44818,VINUL CASEI LA PAHAR (CARAFA),3,448
44819,SANDWICH DIN BAGHETA MICA (DIVERSE UMPLUTURI SALATA),3,448
44820,CEAI LA PLIC,3,448
44821,SUC PROASPATTURAL DE PORTOCALE (FRESH EXCLUSIV SUCUL IMBUTELIAT INDUSTRIAL),3,448
44822,SPAGHETE BOLOGNESE/CARBONARA (300-400 G),3,448
44823,PIZZA (SUNCACIUPERCIMASLINE MOZZARELLA SOS ROSII) DIAM. 30-32 CMLIVRATA LA DOMICILIU,3,448
44901,PROFITEROL,3,449
44903,PRAJITURA CU FRISCA (BLAT INSIROPAT UN STRAT DE CREMA ORNAMENT DIN FRISCA),3,449
44904,"""AMANDINA""",3,449
44905,RULADA DE CIOCOLATA (BLAT IN FORMA DE SPIRALA CU STRATURI DIN CREMA DE CACAO GLAZURA,3,449
44906,"""ECLER""",3,449
44907,"""SAVARINA""",3,449
44908,"TORT ""DIPLOMAT""",3,449
44910,INGHETATA DE CIOCOLATA SERVITA LA COFETARIE,3,449
44913,GOGOSI,3,449
44918,PATEURI CU BRINZA (50-100 GR),3,449
44919,STRUDEL CU MERE (100 GR),3,449
44920,INGHETATA CU DIFERITE AROME LA DOZATOR SERVITA LA CORNET,3,449
44921,BAUTURA RACORITOARE STICLA DE PLASTIC 500 ML,3,449
44922,TARTA CU FRUCTE,3,449
44923,BOMBOANE DE CIOCOLATA (TRUFE CU VISINE ETC.) - VRAC,3,449
44924,"""TIRAMISU""",3,449
45101,SERVICII CASNICE (SPALAT GEAMURI SCUTURAT COVOARE CURATAT PARDOSELI ETC.),3,451
45102,PLATA LUNARA PENTRU INGRIJIRE COPIL LA DOMICILIU,3,451
45103,CURATAT SOBA DE TERACOTA (FUMURILE),3,451
45104,PLATA LUNARA PENTRU INGRIJIREA UNEI PERSOANE BOLNAVE LA DOMICILIU,3,451
45105,SERVICII DE CURATENIE GENERALA IN LOCUINTE (EXECUTATE DE FIRME SPECIALIZATE),3,451
45106,SERVICII DE DEZINSECTIE,3,451
45201,SPALAT SI CALCAT CAMASA BAR- BATI (NU IN REGIM DE URGENTA),3,452
45202,CURATAT SI CALCAT PANTALONI DIN STOFA PENTRU BARBATI (NU IN REGIM DE URGENTA),3,452
45203,CURATAT SI CALCAT COSTUM DIN STOFA FARA VESTA (NU IN REGIM DE URGENTA),3,452
45204,CURATAT SI CALCAT FUSTA DIN STOFA (NU IN REGIM DE URGENTA),3,452
45205,CURATAT SI CALCAT PALTON STOFA (NU IN REGIM DE URGENTA),3,452
45206,CURATAT SI CALCAT COSTUM-TAIOR (NU IN REGIM DE URGENTA),3,452
45207,CURATAT CANADIANA MATLASATA (NU IN REGIM DE URGENTA),3,452
45208,CURATAT COVOR PERSAN (NU IN REGIM DE URGENTA),3,452
45209,SPALAT SI CALCAT CEARCEAF SIMPLU PT. PAT DE 2 PERSOANE (NU IN REGIM DE URGENTA),3,452
45210,SPALAT SI CALCAT CEARCEAF PLIC NEBRODAT PT. PAT DE 2 PERS. (NU IN REGIM DE URGENTA),3,452
45212,SPALAT SI CALCAT LENJERIE PAT (4 PIESE) (NU IN REGIM DE URGENTA),3,452
45213,CURATAT PILOTA PENTRU 2 PERSOANE,3,452
45501,PLATA CONTRIBUTIEI PENTRU INTRETINEREA COPILULUI LA CRESA PENTRU FAMILII CU 1,3,455
45502,PLATA CONTRIBUTIEI PENTRU INTRETINEREA COPILULUI LA GRADINITA PENTRU FAMILII CU,3,455
45503,ABONAMENT LUNAR AFTER SCHOOL (MASA SI TRANSPORT FARA ACTIVITATI OPTIONALE),3,455
45602,ANUNT LA MICA PUBLICITATE IN RUBRICA DECESE (LITERA NOR- MALA O SINGURA PUBLICARE),3,456
45606,XEROGRAFIAT ACTE (FORMAT A4),3,456
45607,TEHNOREDACTARE COMPUTERIZATA,3,456
45609,VACCINARE ANUALA (POLIVALENTA+ ANTIRABICA) CIINE,3,456
45610,STERILIZARE PISICA (FEMELA),3,456
45611,REINCARCARE CARTUS IMPRIMANTA (LASER-JET ALB-NEGRU),3,456
45612,TRANSPUNERE CASETA VIDEO PE CD/DVD,3,456
45613,TRADUCERE STANDARD AUTORIZATA DIVERSE DOMENII (ROMANA- ENGLEZA),3,456
45614,PACHET FUNERAR STANDARD (CLASIC) - EXCLUSIV MINCARE,3,456
45615,LEGALIZARE COPII DE PE INSCRISURIIN CABINET NOTARIAL,3,456
45616,INCHIRIERE MASINA PE BENZINA CU ASIGURARE FARA SOFER SI ACCESORII,3,456
51801,TAXA PENTRU ELIBERAREA SAU PRESCHIMBAREA CARTII (BULETIN) DE IDENTITATE,3,518
51804,SUMA PLATITA PENTRU CUMPARAREA A 100 EURO (LA CASELE DE SCHIMB VALUTAR),3,518
51805,SUMA PRIMITA DIN VINZAREA A 100 EURO (LA CASELE DE SCHIMB VALUTAR),3,518
